mulesoft/api-console	demo/models/streetlights/streetlights.yaml	https://github.com/mulesoft/api-console/blob/38f14f91bd7174c80db57bb6ad8bb0f08ec7be91/demo/models/streetlights/streetlights.yaml
Lap-Platform/LAP	examples/verbose/asyncapi/iot-mqtt.yaml	https://github.com/Lap-Platform/LAP/blob/31ac700f6453ac15649ab850251f97f3307344bb/examples/verbose/asyncapi/iot-mqtt.yaml
lornajane/streamdeck-tricks	api/lights.yaml	https://github.com/lornajane/streamdeck-tricks/blob/a5bc414ebac3ffa192c0f51701f8fead296d7a67/api/lights.yaml
krisnaganesha1609/IoTDrainage-BE	docs/mqtt-docs/asyncapi.yaml	https://github.com/krisnaganesha1609/IoTDrainage-BE/blob/0fbc28929282ecb028ff6c0e806aa8303e4181a0/docs/mqtt-docs/asyncapi.yaml
APIs-guru/asyncapi-directory	docs/APIs/ably-openweathermap+weather@v1.0.0.yaml	https://github.com/APIs-guru/asyncapi-directory/blob/dfd96affc7ce0042f7cdd53c64c3fa14e17b0423/docs/APIs/ably-openweathermap%2Bweather@v1.0.0.yaml
Navdeep-12/Backstage	packages/catalog-model/examples/apis/streetlights-api.yaml	https://github.com/Navdeep-12/Backstage/blob/708e754f91709b887dbc075927a4cf17c0e06aab/packages/catalog-model/examples/apis/streetlights-api.yaml
SmartSleepIoT/SmartSleepCoding	swagger/asyncapiTemperatureSensor.yaml	https://github.com/SmartSleepIoT/SmartSleepCoding/blob/21c19489f0c477cbfbabd3a1d232f526f84a9e49/swagger/asyncapiTemperatureSensor.yaml
8cH9azbsFifZ/hangboard	backend/workout/workout_api.yaml	https://github.com/8cH9azbsFifZ/hangboard/blob/d8c804969053ea9a6d25c7f0a7311166faa09f59/backend/workout/workout_api.yaml
andreitudose2000/ingineria-programarii	docs/asyncapi.yaml	https://github.com/andreitudose2000/ingineria-programarii/blob/b41e16a53c113bafd1e250866737956e1eaec773/docs/asyncapi.yaml
kiransth77/aionmcp	examples/specs/user-events.yaml	https://github.com/kiransth77/aionmcp/blob/3ac62a0666e248277e7b9f19ba1fa9b4f464d027/examples/specs/user-events.yaml
TykTechnologies/graphql-translator	asyncapi/fixtures/print-service-api-2.0.0.yaml	https://github.com/TykTechnologies/graphql-translator/blob/15f82a5cf38ae80d5af538ca189a6f3f8cafa71c/asyncapi/fixtures/print-service-api-2.0.0.yaml
api-client/amf-store	demo/streetlights/streetlights.yaml	https://github.com/api-client/amf-store/blob/20349fce20150115aa956a41515888a2c695968d/demo/streetlights/streetlights.yaml
jabrena/asyncapi-poc	specs/account-service-asyncapi.yaml	https://github.com/jabrena/asyncapi-poc/blob/c213b2b04d5c437513e12ff5196207c1645acb01/specs/account-service-asyncapi.yaml
ibrahimt2/exampleAPI	spec/asyncapi.yaml	https://github.com/ibrahimt2/exampleAPI/blob/107eb9590c45bdd0c9db765a770b4933728e2d41/spec/asyncapi.yaml
unibuc-cs/IoT-application-set	apps/smartkettle/async-api.yaml	https://github.com/unibuc-cs/IoT-application-set/blob/b0d584caa9e2b37c270c34f1a0a768602dc8d619/apps/smartkettle/async-api.yaml
adalbertocajueiro/edscorbot-c-cpp	edscorbot-async-api.yaml	https://github.com/adalbertocajueiro/edscorbot-c-cpp/blob/0d8f988962abdc9820d20a43827a4cb6a1fcd9f6/edscorbot-async-api.yaml
Ferror/asyncapi-event-catalog	account-service/asyncapi.yaml	https://github.com/Ferror/asyncapi-event-catalog/blob/9a1565d99697dc8b510cce424481327485c891bd/account-service/asyncapi.yaml
Programmierpraktikum-MVA/AsyncAPI	example/specs/social-media/comments-service/asyncapi.yaml	https://github.com/Programmierpraktikum-MVA/AsyncAPI/blob/dc51bda6f5376576606c85276d6b3e6338481a55/example/specs/social-media/comments-service/asyncapi.yaml
magazino/api-docs	magazino-vda5050/0.0.1/asyncapi.yaml	https://github.com/magazino/api-docs/blob/2225e40c652fb74ecfdc545d45ea31a9cf1762c9/magazino-vda5050/0.0.1/asyncapi.yaml
peter-rr/record-store	order_service/output/asyncapi.yaml	https://github.com/peter-rr/record-store/blob/61a36038fd854cbe5ed15f8e6bdb70d3ef0b2911/order_service/output/asyncapi.yaml
panand13/backstage	plugins/api-docs/dev/asyncapi-example-api.yaml	https://github.com/panand13/backstage/blob/6cebb9d587224c055516d1ab2958f34bd3659c43/plugins/api-docs/dev/asyncapi-example-api.yaml
qconn-io/apim-backstage	backstage/templates/event-asyncapi/content/asyncapi.yaml	https://github.com/qconn-io/apim-backstage/blob/f0db3f71ad2f7c3bf2ab3988160c0b31efa8f932/backstage/templates/event-asyncapi/content/asyncapi.yaml
fkatsaras/functionality-dsl	examples/m2m/asyncapi/streetlights.yaml	https://github.com/fkatsaras/functionality-dsl/blob/df17d5d19e88c1e1671a92b7d6a1e89e93deabe9/examples/m2m/asyncapi/streetlights.yaml
isehuetdk/backstage	plugins/api-docs/dev/asyncapi-example-api.yaml	https://github.com/isehuetdk/backstage/blob/22eca5b841b8c3b7e6029ea120786f437a3cca04/plugins/api-docs/dev/asyncapi-example-api.yaml
officialdavidtaylor/leftover-label-printer	contracts/asyncapi.yaml	https://github.com/officialdavidtaylor/leftover-label-printer/blob/738b8081db55e8ce25bd65a61831d6c46086fe6b/contracts/asyncapi.yaml
wbelguidoum/docapi	examples/asyncapi/streetlights_v2.asyncapi.yaml	https://github.com/wbelguidoum/docapi/blob/fabbcf6b026ac70d7b4eb86e1478aed62cf3d12f/examples/asyncapi/streetlights_v2.asyncapi.yaml
greenthegarden/enviropluspublisher	asyncapi.yaml	https://github.com/greenthegarden/enviropluspublisher/blob/fc7ef5ce0ca66ace611fee8921f77f002ae75229/asyncapi.yaml
ifox777/test_repo_gf	public/documentation/docs/manual/docs/examples/asyncapi.yaml	https://github.com/ifox777/test_repo_gf/blob/1f300a9e7a4de50921b1db4604bdbf935e4234f0/public/documentation/docs/manual/docs/examples/asyncapi.yaml
leefreemanxyz/redocly-async-api-reproduction	bundled.yaml	https://github.com/leefreemanxyz/redocly-async-api-reproduction/blob/3bf9dc2ab85f03c92843bb08a3c6a0237a9e6104/bundled.yaml
danf425/idp-examples-public	harness-services/Service/streetlights/streetlights-api.yaml	https://github.com/danf425/idp-examples-public/blob/0916ea7b7923ceedee9afc5c9d63f43df6cd78bd/harness-services/Service/streetlights/streetlights-api.yaml
UnibucProjects/SmartAquarium	asyncapi.yaml	https://github.com/UnibucProjects/SmartAquarium/blob/6f3c16fb7a45218e763b46223568f6c3e5b66bfd/asyncapi.yaml
nikita-volkov/modeliero	hspec/Modeliero/AsyncApiSpec/fixtures/email-service.yaml	https://github.com/nikita-volkov/modeliero/blob/54d83a2ad5cf03cda36b5ed476120c2027b5b2c9/hspec/Modeliero/AsyncApiSpec/fixtures/email-service.yaml
api-components/amf-components	demo/apis/APIC-560/APIC-560.yaml	https://github.com/api-components/amf-components/blob/878425644eed032c2f2522d36fc9d9da16bc6710/demo/apis/APIC-560/APIC-560.yaml
kevinswiber/spectral-function-past-tense	example/streetlights.yaml	https://github.com/kevinswiber/spectral-function-past-tense/blob/3fd5d1ad2a01c6c9aef6113d7acf6845f92ee50b/example/streetlights.yaml
hirneagabriel/SnakeDevs	flaskr/asyncapi.yaml	https://github.com/hirneagabriel/SnakeDevs/blob/996c2f2fc78d69b66510c46d6b5e743b28d559c1/flaskr/asyncapi.yaml
specdojo/specdojo	docs/ja/specdojo/samples/ifx-msg-sample.yaml	https://github.com/specdojo/specdojo/blob/dede9a4233a16e813b7d936c623cd0f8fd9cb0d9/docs/ja/specdojo/samples/ifx-msg-sample.yaml
lalit774/backstage-app	examples/apis/streetlights-api.yaml	https://github.com/lalit774/backstage-app/blob/c848ef6184e22637033b95d1b5d9d97b67fc1d6d/examples/apis/streetlights-api.yaml
Okan-wqm/aquaculture_platform	sens-api-gateway/docs/api/asyncapi.yaml	https://github.com/Okan-wqm/aquaculture_platform/blob/da6019ac109df990226377973760d0ae991688c3/sens-api-gateway/docs/api/asyncapi.yaml
ziyashaw/backstage_demo2	packages/catalog-model/examples/apis/streetlights-api.yaml	https://github.com/ziyashaw/backstage_demo2/blob/4db6b3989a9ff10b509566f5469aa0fd187a7f5d/packages/catalog-model/examples/apis/streetlights-api.yaml
djoleant/IoTS-Smart-building	Smartbuilding_PROJ2/AsyncAPI/asyncapi.yaml	https://github.com/djoleant/IoTS-Smart-building/blob/6966a028cd81e63836c0fcde516dfedb3018c7a7/Smartbuilding_PROJ2/AsyncAPI/asyncapi.yaml
SolaceLabs/ep-asyncapi-importer	example/asyncapi/weather.yaml	https://github.com/SolaceLabs/ep-asyncapi-importer/blob/b3db7eeb51067c098c51318dc1db21348e8c4d19/example/asyncapi/weather.yaml
michalis003/SmartBin	main/asyncapi.yaml	https://github.com/michalis003/SmartBin/blob/baa6211f924a42e0e3632610cb7b3797b0f6ef3d/main/asyncapi.yaml
dweber019/backstage-plugins	plugins/api-docs-spectral-linter/dev/asyncapi-example-api.yaml	https://github.com/dweber019/backstage-plugins/blob/78b52a5d0de9e75f4c3b2baca15a1319132dd9c2/plugins/api-docs-spectral-linter/dev/asyncapi-example-api.yaml
markbac/examples-diags-apis	APIs/asyncapi.yaml	https://github.com/markbac/examples-diags-apis/blob/ebb377257659ddd6427a069ad09e6e8596da5a45/APIs/asyncapi.yaml
meteatamel/asyncapi-basics	samples/quickstart/streetlights.yaml	https://github.com/meteatamel/asyncapi-basics/blob/3372d7a4d4d6cf548ed4780e4901e5425fdd2dcf/samples/quickstart/streetlights.yaml
caochun/tollgate	asyncapi/device/asyncapi.yaml	https://github.com/caochun/tollgate/blob/94c75caffdfe59651028e105e47898761c412b00/asyncapi/device/asyncapi.yaml
maarten-vandeperre/developer-hub-documentation	configurations/catalog-entities/apis/async-api-api-spec-production.yaml	https://github.com/maarten-vandeperre/developer-hub-documentation/blob/da97cd4b2478f888b43f1b51c682e48390736100/configurations/catalog-entities/apis/async-api-api-spec-production.yaml
DocHubTeam/dochub-manual	docs/manual/docs/examples/asyncapi.yaml	https://github.com/DocHubTeam/dochub-manual/blob/22a19aad06e72ee0e6a49941c4d5c43a17dd0a19/docs/manual/docs/examples/asyncapi.yaml
SaaSy-Solutions/mockforge	examples/specs/iot-asyncapi.yaml	https://github.com/SaaSy-Solutions/mockforge/blob/67f2ae77f361e008ba5a628c757c66e2ea5a4191/examples/specs/iot-asyncapi.yaml
jhumci/MECH-M-3-IIoT	docs/iot-specs/asyncapi.yaml	https://github.com/jhumci/MECH-M-3-IIoT/blob/cf8115371ff78cbcb9ad31385edf6c70caef3dfb/docs/iot-specs/asyncapi.yaml
thim81/asyncapi-format	test/yaml-casing-properties/output.yaml	https://github.com/thim81/asyncapi-format/blob/be502324b14ba4148bbaf5b40a0d8783d87d2d4c/test/yaml-casing-properties/output.yaml
asyncapi/tck	tests/asyncapi-2.0/Server Bindings Object/valid-empty-object.yaml	https://github.com/asyncapi/tck/blob/1508a3c25498b0dc8b9bb98d562b15c16a8dc1aa/tests/asyncapi-2.0/Server%20Bindings%20Object/valid-empty-object.yaml
wso2/product-apim	all-in-one-apim/modules/integration/tests-integration/tests-backend/src/test/resources/async/asyncapiv2.yaml	https://github.com/wso2/product-apim/blob/17c7d359cba420a64d9c5b90b972671e2b41cbbb/all-in-one-apim/modules/integration/tests-integration/tests-backend/src/test/resources/async/asyncapiv2.yaml
Savio629/testing	test.yaml	https://github.com/Savio629/testing/blob/4aaf3ec3f58b424a917d158604d6aa1e179bd2af/test.yaml
aml-org/amf	amf-cli/shared/src/test/resources/upanddown/cycle/async20/bindings/mqtt-server-binding.yaml	https://github.com/aml-org/amf/blob/2a4acce06661e470fe419ae2918785f834bdb7eb/amf-cli/shared/src/test/resources/upanddown/cycle/async20/bindings/mqtt-server-binding.yaml
advanced-rest-client/api-method-documentation	demo/streetlights/streetlights.yaml	https://github.com/advanced-rest-client/api-method-documentation/blob/ab29b649f1f1fd7c5de1bc560d043dd98794ed57/demo/streetlights/streetlights.yaml
ep-infosec/35_mulesoft_api-console	demo/models/streetlights/streetlights.yaml	https://github.com/ep-infosec/35_mulesoft_api-console/blob/a48673b3e0f7642e1767e5281e957e5521863b87/demo/models/streetlights/streetlights.yaml
ep-infosec/14_mulesoft_api-console	demo/models/streetlights/streetlights.yaml	https://github.com/ep-infosec/14_mulesoft_api-console/blob/b7a4fbd723730350cc2bf8aa785270b2f552781c/demo/models/streetlights/streetlights.yaml
PlutoneonConsultancy/api-console	demo/models/streetlights/streetlights.yaml	https://github.com/PlutoneonConsultancy/api-console/blob/a1b3fc59e2cad42c65405222d8d41a928215707d/demo/models/streetlights/streetlights.yaml
Ferror/asyncapi-event-catalog-v2	account-service/asyncapi.yaml	https://github.com/Ferror/asyncapi-event-catalog-v2/blob/7d6abb38daffe78dfcd33f07388a0cf72e8da809/account-service/asyncapi.yaml
sohailhaider/backstage-search-github-issues-plugin	plugins/api-docs/dev/asyncapi-example-api.yaml	https://github.com/sohailhaider/backstage-search-github-issues-plugin/blob/8138adcbf41d3925dc861a8ec242fe7bf8b45d78/plugins/api-docs/dev/asyncapi-example-api.yaml
BalaNarvar/BackStage1	plugins/api-docs/dev/asyncapi-example-api.yaml	https://github.com/BalaNarvar/BackStage1/blob/9b3b2e6594c111a5bf6d90183714dfd64625547f/plugins/api-docs/dev/asyncapi-example-api.yaml
etrolls/backstage	plugins/api-docs/dev/asyncapi-example-api.yaml	https://github.com/etrolls/backstage/blob/58ec200cbf7d813593538bcc1b978737315b622d/plugins/api-docs/dev/asyncapi-example-api.yaml
McLaouth/backstage	plugins/api-docs/dev/asyncapi-example-api.yaml	https://github.com/McLaouth/backstage/blob/80c627d098d8ae9aa1b6e73911e442d2fe6aab27/plugins/api-docs/dev/asyncapi-example-api.yaml
adityasneo/Backstage.io	plugins/api-docs/dev/asyncapi-example-api.yaml	https://github.com/adityasneo/Backstage.io/blob/06cb0eca90103493d602a76096ddb0fa25c7cd28/plugins/api-docs/dev/asyncapi-example-api.yaml
davidosantos/backstage	plugins/api-docs/dev/asyncapi-example-api.yaml	https://github.com/davidosantos/backstage/blob/d820584c6df4aa66c927622f86898aa2c1a4fc3f/plugins/api-docs/dev/asyncapi-example-api.yaml
lloydchang/harness-backstage	plugins/api-docs/dev/asyncapi-example-api.yaml	https://github.com/lloydchang/harness-backstage/blob/b132b9db13775609624e1fbdcc1028657ab821e3/plugins/api-docs/dev/asyncapi-example-api.yaml
wilsoniaan/backstage	plugins/api-docs/dev/asyncapi-example-api.yaml	https://github.com/wilsoniaan/backstage/blob/7ea94a0fc9e4825b5bc80fe038056697589994ba/plugins/api-docs/dev/asyncapi-example-api.yaml
wamanrajesh/AvalaraAPI	examples/apis/streetlights-api.yaml	https://github.com/wamanrajesh/AvalaraAPI/blob/300a67d99cdb371351b989a29c70bc9acbf9ed36/examples/apis/streetlights-api.yaml
AndrienkoAleksandr/catalog-model	examples/apis/streetlights-api.yaml	https://github.com/AndrienkoAleksandr/catalog-model/blob/85471af948c4d87e24ab0c9ec879f8fb8cfba834/examples/apis/streetlights-api.yaml
hekonsek/pieronek	quickstart/catalog-model/apis/streetlights-api.yaml	https://github.com/hekonsek/pieronek/blob/f4bbd81208a236a02ef1aa4d75624bc1d11ca24e/quickstart/catalog-model/apis/streetlights-api.yaml
arnaldoprado74/backstage	oss/backstage/packages/catalog-model/examples/apis/streetlights-api.yaml	https://github.com/arnaldoprado74/backstage/blob/cf5f12dd90e4706236bf07bab27e7551b4de3401/oss/backstage/packages/catalog-model/examples/apis/streetlights-api.yaml
ziyashaw/backstage_demo	packages/catalog-model/examples/apis/streetlights-api.yaml	https://github.com/ziyashaw/backstage_demo/blob/e884b579ba3ca5ff7d7fb34e5e6966000cf2ddf1/packages/catalog-model/examples/apis/streetlights-api.yaml
SolaceLabs/solace-tools-typescript	packages/ep-asyncapi/test/data/tbd/asyncapi/weather.yaml	https://github.com/SolaceLabs/solace-tools-typescript/blob/d4f1b51a10ce42daefaf180c8eb2abe35d3e5663/packages/ep-asyncapi/test/data/tbd/asyncapi/weather.yaml
SolaceLabs/ep-asyncapi	ep-asyncapi/test/data/tbd/asyncapi/weather.yaml	https://github.com/SolaceLabs/ep-asyncapi/blob/abd7e6a7f72c1e8ec0d9d17f8a336e8eb7320480/ep-asyncapi/test/data/tbd/asyncapi/weather.yaml
konfig-dev/backstage-plugin-konfig	plugins/backstage-plugin-konfig/dev/asyncapi-example-api.yaml	https://github.com/konfig-dev/backstage-plugin-konfig/blob/c588e6475b2b166c6077cbbd307fc2d1e861a9a5/plugins/backstage-plugin-konfig/dev/asyncapi-example-api.yaml
J0SAL/kafka-playground	kafka_asyncAPI/asyncapi.yaml	https://github.com/J0SAL/kafka-playground/blob/2673b5d9794914831d0e309ec2b8b7cac09e6bd9/kafka_asyncAPI/asyncapi.yaml
starnold-redhat/rhdh-install	configurations/catalog-entities/apis/async-api-api-spec-production.yaml	https://github.com/starnold-redhat/rhdh-install/blob/417d28549704ad7fc1ea7b67e1b709b0261ca59a/configurations/catalog-entities/apis/async-api-api-spec-production.yaml
ifox777/seaf-archtool-core	public/documentation/docs/manual/docs/examples/asyncapi.yaml	https://github.com/ifox777/seaf-archtool-core/blob/4d771ab3204db375f1a04845839c2724eadffe5f/public/documentation/docs/manual/docs/examples/asyncapi.yaml
rpiontik/DocHubDoc	docs/manual/docs/examples/asyncapi.yaml	https://github.com/rpiontik/DocHubDoc/blob/10d89575cb6d2cc1e836675af4d1c7c9a186d5b1/docs/manual/docs/examples/asyncapi.yaml
RabotaRu/DocHubDemo	documentation/docs/manual/docs/examples/asyncapi.yaml	https://github.com/RabotaRu/DocHubDemo/blob/0a5c043a5fd3bfc634559b5f2dabf5002e86edd2/documentation/docs/manual/docs/examples/asyncapi.yaml
albertnadal/asyncapi-schema-pydantic	tests/data/sample.yaml	https://github.com/albertnadal/asyncapi-schema-pydantic/blob/6e178293797a4e09a7717b2558f64e6f1d4df987/tests/data/sample.yaml
CreditMutuelArkea/asyncapi-parser	src/test/resources/asyncapi.yaml	https://github.com/CreditMutuelArkea/asyncapi-parser/blob/940aad38ae49c779555a29600495300a0f011c56/src/test/resources/asyncapi.yaml
codacy/codacy-spectral	docs/multiple-tests/without-config-file/src/signup.yaml	https://github.com/codacy/codacy-spectral/blob/9d57be2121315b6fbda2a175ba7af835be6d7fd0/docs/multiple-tests/without-config-file/src/signup.yaml
LowellObservatory/Lorax	PWMountAgent/extern/example_api.yaml	https://github.com/LowellObservatory/Lorax/blob/fadf1241c54fe01160fc12456107f6490a7c643e/PWMountAgent/extern/example_api.yaml
HeshanSudarshana/product-apim-workflow	all-in-one-apim/modules/integration/tests-integration/tests-backend/src/test/resources/async/asyncapi.yaml	https://github.com/HeshanSudarshana/product-apim-workflow/blob/25b0ef385958cf20e0016835818f758f10dc3e16/all-in-one-apim/modules/integration/tests-integration/tests-backend/src/test/resources/async/asyncapi.yaml
thil4n/wso2-apim-source	product-apim/all-in-one-apim/modules/integration/tests-integration/tests-backend/src/test/resources/async/asyncapi.yaml	https://github.com/thil4n/wso2-apim-source/blob/627da2d5021a50db69270d252709a2eb686b3902/product-apim/all-in-one-apim/modules/integration/tests-integration/tests-backend/src/test/resources/async/asyncapi.yaml
swagger-api/apidom	packages/apidom-ls/test/fixtures/validation/asyncapi/issue3549.yaml	https://github.com/swagger-api/apidom/blob/342641b5f009a68661db0a54d604dbcd62d2fa48/packages/apidom-ls/test/fixtures/validation/asyncapi/issue3549.yaml
