absmach/magistrala	apidocs/asyncapi/websocket.yaml	https://github.com/absmach/magistrala/blob/49488738df2e18087073791de5414ed69a4378bd/apidocs/asyncapi/websocket.yaml
ballerina-platform/asyncapi-tools	samples/basic-chat/client/asyncapi.yaml	https://github.com/ballerina-platform/asyncapi-tools/blob/c035bed4daf955d73df273b8c9f5815b8853bcce/samples/basic-chat/client/asyncapi.yaml
Lap-Platform/LAP	examples/verbose/asyncapi/stock-market-feed.yaml	https://github.com/Lap-Platform/LAP/blob/31ac700f6453ac15649ab850251f97f3307344bb/examples/verbose/asyncapi/stock-market-feed.yaml
christian-photo/ninaAPI	ninaAPI/websocket_spec.yaml	https://github.com/christian-photo/ninaAPI/blob/dee9cc7be52c729c54371784a439f51b9a872bd7/ninaAPI/websocket_spec.yaml
tapis-project/tapis-workflows	src/engine-streams/specs/WorkflowEngineStreamsApi.yaml	https://github.com/tapis-project/tapis-workflows/blob/45288166de90408689c7157cc81e9423fa07a644/src/engine-streams/specs/WorkflowEngineStreamsApi.yaml
jeancharles-roger/BlackMagicRestControlUI	doc/Notification.yaml	https://github.com/jeancharles-roger/BlackMagicRestControlUI/blob/5b2ead91af419b5f855290e3ccbb43f2012d69ab/doc/Notification.yaml
Central-University-IT-prod/2026-final-command-team-27-backend	docs/asyncapi.yaml	https://github.com/Central-University-IT-prod/2026-final-command-team-27-backend/blob/5d860170a8eb0b9daffdf4175ecd353578fcd9c6/docs/asyncapi.yaml
GeniaV/stellar-burgers-backend	docs/orders-websocket-api.yaml	https://github.com/GeniaV/stellar-burgers-backend/blob/260a861db4925dd5719ef71ea6dbf292ad356e4e/docs/orders-websocket-api.yaml
tradeparadex/paradex-docs	fern/apis/prod_ws/asyncapi-2.6.0.yaml	https://github.com/tradeparadex/paradex-docs/blob/8239aa032042ddb64ce689754945b1e37e6487ec/fern/apis/prod_ws/asyncapi-2.6.0.yaml
joshwambere/Galileo	asyncApi.yaml	https://github.com/joshwambere/Galileo/blob/4f40651c68727b190f496844a5fbbe83c9ef8c3a/asyncApi.yaml
VolatilityGroup/volatility-ws	volatility-ws/asyncapi.v1.yaml	https://github.com/VolatilityGroup/volatility-ws/blob/a70e171ebc7ddfff6aa6691d3435e3fc8d23c9ae/volatility-ws/asyncapi.v1.yaml
keithralphs/DiscoveryTest	subfolder/locations/entities/subscriptions.yaml	https://github.com/keithralphs/DiscoveryTest/blob/8c2890e57353a95fe7728b0dacd5238922880c68/subfolder/locations/entities/subscriptions.yaml
szaher/crewz	specs/004-proper-isolation-and/contracts/execution-stream-ws.yaml	https://github.com/szaher/crewz/blob/bcdecccddfef66f992c1fdc8eb95a0047bb40382/specs/004-proper-isolation-and/contracts/execution-stream-ws.yaml
bcwilsondotcom/nx-monorepo-template	packages/contracts/asyncapi/notifications.yaml	https://github.com/bcwilsondotcom/nx-monorepo-template/blob/0c62ff05b20e8ec1ae3705c6ca3884a21285f304/packages/contracts/asyncapi/notifications.yaml
afmancilla/poc-subtree	Asyncapi-Personal.yaml	https://github.com/afmancilla/poc-subtree/blob/cd6796bc88a7acbe09be662eee98cff8ba070af2/Asyncapi-Personal.yaml
unfoldedcircle/core-api	core-api/websocket/UCR-core-asyncapi.yaml	https://github.com/unfoldedcircle/core-api/blob/c02f34203cd7cf80cc3392285632e0e63536cab0/core-api/websocket/UCR-core-asyncapi.yaml
mattbishop/asyncapi-hotels	hotels.yaml	https://github.com/mattbishop/asyncapi-hotels/blob/27a6d479df7667115b29980983b8be8b02013645/hotels.yaml
nsivanoly/bank-demo	platform/wso2-am/am-data/EventStream/Definitions/asyncapi.yaml	https://github.com/nsivanoly/bank-demo/blob/bd1b95559e4d0ab1b7f96945db47c8d828e7365e/platform/wso2-am/am-data/EventStream/Definitions/asyncapi.yaml
jprofessionals/shopping-list	backend/src/main/resources/asyncapi/websocket.yaml	https://github.com/jprofessionals/shopping-list/blob/9d0d01fb34bdb16ac19cb027a0a91b66ef868223/backend/src/main/resources/asyncapi/websocket.yaml
nekofar/warpcast	asyncapi/index.yaml	https://github.com/nekofar/warpcast/blob/e3612cbaac5715feab95424a344b9839c62eb35b/asyncapi/index.yaml
devmentors/Mikroserwisy-Revisited	developers/ticketflow-developer-portal/catalog/apis.yaml	https://github.com/devmentors/Mikroserwisy-Revisited/blob/e49ecb2b90e2d324c0000fe288699636895d71d3/developers/ticketflow-developer-portal/catalog/apis.yaml
ayointegral/cloud-sandbox-backstage	catalog/apis-and-resources.yaml	https://github.com/ayointegral/cloud-sandbox-backstage/blob/95e9e83b1c9b982495a827fc835e622729a57d35/catalog/apis-and-resources.yaml
APIs-guru/asyncapi-directory	docs/APIs/ably-bbc+news@v1.0.0.yaml	https://github.com/APIs-guru/asyncapi-directory/blob/dfd96affc7ce0042f7cdd53c64c3fa14e17b0423/docs/APIs/ably-bbc%2Bnews@v1.0.0.yaml
welthee/tx-executor-client	api/tx-api.yaml	https://github.com/welthee/tx-executor-client/blob/b535dc564dbce02d6f428bb00ea92cb4a3004cb9/api/tx-api.yaml
imorrish/blackmagic_camera_control	docs/rest-api-specs/Notification.yaml	https://github.com/imorrish/blackmagic_camera_control/blob/a0e215fd4db75d13bb2e410c8cc273abdcb290ea/docs/rest-api-specs/Notification.yaml
uri157/trading-chart	TradingChartBackend/docs/api/asyncapi.yaml	https://github.com/uri157/trading-chart/blob/48ae6649aed810188e185de3d4215318a1830b6a/TradingChartBackend/docs/api/asyncapi.yaml
music10/server	ws.api.yaml	https://github.com/music10/server/blob/300a668dd145fcdbac9a88a361747addbea9df0c/ws.api.yaml
ChathurangaKCD/bus-tracking-mqtt-websocket-demo	backend/asyncapi.yaml	https://github.com/ChathurangaKCD/bus-tracking-mqtt-websocket-demo/blob/c2b3d65578b81413019d83af1447bcddfd6a4019/backend/asyncapi.yaml
crybapp/crybapp.github.io	core/events.yaml	https://github.com/crybapp/crybapp.github.io/blob/296ea894816b323019b8ff45ccbe3e9d550db396/core/events.yaml
reza-sanjari/2L1nk	api-spec/asyncapi.yaml	https://github.com/reza-sanjari/2L1nk/blob/7477ad91140314f99e9bf07e2f608cd8f9269946/api-spec/asyncapi.yaml
d34dman/notification-server	asyncapi.yaml	https://github.com/d34dman/notification-server/blob/c40241243b7d06c74c0d9977d90fe7e347ec16e6/asyncapi.yaml
jeffmikels/ProPresenter-API	Pro7/asyncapi.yaml	https://github.com/jeffmikels/ProPresenter-API/blob/6e7490671c94a7c9e588274bdf5df6ece1934248/Pro7/asyncapi.yaml
SolaceLabs/ep-asyncapi-importer	example/asyncapi/weather.yaml	https://github.com/SolaceLabs/ep-asyncapi-importer/blob/b3db7eeb51067c098c51318dc1db21348e8c4d19/example/asyncapi/weather.yaml
MatthewSnelgrove/chefswap	server/socketdoc.yaml	https://github.com/MatthewSnelgrove/chefswap/blob/239d5f260e87da6cee295e2aaa36bf7ee9fcefab/server/socketdoc.yaml
kidoneself/DockPilot	dockpilot-backend/src/main/resources/asyncapi.yaml	https://github.com/kidoneself/DockPilot/blob/0471fd480216e1a5f53b9a2dcda29d1f3ba7a5a8/dockpilot-backend/src/main/resources/asyncapi.yaml
Ashish8951/poker-docs	asyncapi/bundled.yaml	https://github.com/Ashish8951/poker-docs/blob/4de2979af0e3dcc0656ec157687513859cf43b12/asyncapi/bundled.yaml
rizrmd/zlay	docs/api/asyncapi.yaml	https://github.com/rizrmd/zlay/blob/7d812489e641daa2a5007e9133bcc74c3520d13a/docs/api/asyncapi.yaml
genesisAI4/genesis-docs	docs/api/nexus-a2a-ws.yaml	https://github.com/genesisAI4/genesis-docs/blob/a0a878527efe6ef8b64779a4f563405df44b8976/docs/api/nexus-a2a-ws.yaml
Navvyaa/ChatBE	asyncapi.yaml	https://github.com/Navvyaa/ChatBE/blob/d0d0ecc012365e2d7e9ee7e3ac891db3211fb7c5/asyncapi.yaml
bitrockteam/kafka-dvs-api	src/main/resources/asyncapi.yaml	https://github.com/bitrockteam/kafka-dvs-api/blob/a8162ad5e6b682ce2e108cf02d3336ad08d3231c/src/main/resources/asyncapi.yaml
sjswerdloff/dicomweb_openapi	ups-rs-asyncapi-spec.yaml	https://github.com/sjswerdloff/dicomweb_openapi/blob/87dff4238a87dd1473671df833732b738d1f5927/ups-rs-asyncapi-spec.yaml
ha-securemtr/ha-securemtr	docs/securemtr_asyncapi.yaml	https://github.com/ha-securemtr/ha-securemtr/blob/ebc537568130c3cfd6507c02a8c3d4ff65324cc3/docs/securemtr_asyncapi.yaml
mariabrykulskaa/robond	t-invest-api-rust/invest-contracts/src/docs/ws/asyncapi.yaml	https://github.com/mariabrykulskaa/robond/blob/a7cabbd59bea81fa23bf74fbe068b9e6191ef19a/t-invest-api-rust/invest-contracts/src/docs/ws/asyncapi.yaml
ewanvidal/SimuMarty	docs/api-websocket.yaml	https://github.com/ewanvidal/SimuMarty/blob/e03afcdda7659d19e19da80e8783120782d86d9a/docs/api-websocket.yaml
rahul-10-byte/multi-video-conferencing-app	contracts/asyncapi.yaml	https://github.com/rahul-10-byte/multi-video-conferencing-app/blob/9be441a7a803df9aea82b6aae85f956667e78a44/contracts/asyncapi.yaml
junjiepro/mango	specs/001-agent-chat-platform/contracts/terminal-ws.yaml	https://github.com/junjiepro/mango/blob/2810afeac686abc4cc74dd60fb90d991c8a7a547/specs/001-agent-chat-platform/contracts/terminal-ws.yaml
genelaz/blue_viper_pro	docs/asyncapi/realtime-ptt-v1.yaml	https://github.com/genelaz/blue_viper_pro/blob/7e3788337380c2f3bb13a28702a621e8d650c4df/docs/asyncapi/realtime-ptt-v1.yaml
zircote/documentation-review	skills/api-documentation/examples/events-asyncapi.yaml	https://github.com/zircote/documentation-review/blob/6edf61ed5951f806654b501475647073913e81f6/skills/api-documentation/examples/events-asyncapi.yaml
encypher-studio/newsware-docs	asyncapi/asyncapi-v1.0.0.yaml	https://github.com/encypher-studio/newsware-docs/blob/d79795a7c4f9d9ce6fef80311233de5fcfa8d92c/asyncapi/asyncapi-v1.0.0.yaml
VersaceXcodes/airbnb-management-properties-eco-friendly	backend/asyncapi.yaml	https://github.com/VersaceXcodes/airbnb-management-properties-eco-friendly/blob/a91a49588d522059e707d976d7ee9645d420c461/backend/asyncapi.yaml
VersaceXcodes/construction-materials-supplies-markets-snmlrq	backend/asyncapi.yaml	https://github.com/VersaceXcodes/construction-materials-supplies-markets-snmlrq/blob/3b928a347f8bf07f834a770aa23f94915b958ae1/backend/asyncapi.yaml
Phoenix-Assassins/ac4-docs	HTTP/public-ws-ubiservices.ubi.com/asyncapi.yaml	https://github.com/Phoenix-Assassins/ac4-docs/blob/5db849b7df9ca7a4f71c9059c02d045f99568169/HTTP/public-ws-ubiservices.ubi.com/asyncapi.yaml
energywebfoundation/ddhub-client-gateway	apps/dsb-client-gateway-frontend/public/ws.yaml	https://github.com/energywebfoundation/ddhub-client-gateway/blob/3620cc2fc5e05b6eca04014f41521bb5a2cf1d91/apps/dsb-client-gateway-frontend/public/ws.yaml
VersaceXcodes/make-a-task-management1234-qr0d4h	backend/asyncapi.yaml	https://github.com/VersaceXcodes/make-a-task-management1234-qr0d4h/blob/1dc601c414e2b2c63dad0f59785afdc30ddd64e5/backend/asyncapi.yaml
gitjpk/snapquiz	specs/001-live-quiz-game/contracts/asyncapi.yaml	https://github.com/gitjpk/snapquiz/blob/ce93854aec32e296faa14c7cddb73b0e81c3fff6/specs/001-live-quiz-game/contracts/asyncapi.yaml
dedoussis/asyncapi-socket.io-example	asyncapi.yaml	https://github.com/dedoussis/asyncapi-socket.io-example/blob/fd7bf244af9f9fbfabe01ac4a6bcb541587db36b/asyncapi.yaml
bang-olufsen/beoremote-halo	beoremote-halo-spec.yaml	https://github.com/bang-olufsen/beoremote-halo/blob/e8c7f0d2bfb32caae38b9b36350ec4ec2ad8f37a/beoremote-halo-spec.yaml
Guebbit/boilerplate-vue-frontend	asyncapi.yaml	https://github.com/Guebbit/boilerplate-vue-frontend/blob/984dad30b0bcf1b8421daf38bda14f07bbcb419a/asyncapi.yaml
netbill/auth-svc	docs/async/api.yaml	https://github.com/netbill/auth-svc/blob/3a6d5e2e7f828316d18f8f1baf65e7a50511af54/docs/async/api.yaml
zch4321/MarketDataPipeline	docs/asyncapi.yaml	https://github.com/zch4321/MarketDataPipeline/blob/21a6295bfbe7b598befd608403ca04d7f7dc4a85/docs/asyncapi.yaml
BackendFans83/Taxi	matching-service/docs/matching_service_async_api.yaml	https://github.com/BackendFans83/Taxi/blob/c359adf707189ced976bbfe279cbefbd4307c781/matching-service/docs/matching_service_async_api.yaml
rahulmehta25/Smart-Legal-Contracts	docs/api/asyncapi.yaml	https://github.com/rahulmehta25/Smart-Legal-Contracts/blob/5eaf6a710f5def704ca9b27c5d208119efcdc319/docs/api/asyncapi.yaml
yelaco/ludofy	docs/api/websocket/asyncapi.yaml	https://github.com/yelaco/ludofy/blob/85df89d034339b575f663e2492023467162f3f40/docs/api/websocket/asyncapi.yaml
yuvraj-chouhan-dev/ready-now-server	config/asyncapi.yaml	https://github.com/yuvraj-chouhan-dev/ready-now-server/blob/7c8b6f3c173f51a9d563b9abb23b05627c6e7881/config/asyncapi.yaml
litmuschaos/m-agent	docs/process-kill.yaml	https://github.com/litmuschaos/m-agent/blob/06e8c3e44cea730ca4794093ea40173cd37e435c/docs/process-kill.yaml
ArshdevSinghji/iffy-backend	modules/chat-management/asyncapi.yaml	https://github.com/ArshdevSinghji/iffy-backend/blob/5a512ea1c647f14a40da63c0f2e8aab5146de571/modules/chat-management/asyncapi.yaml
arnold-keyvalue/slack-bot-test	modules/core/src/main/resources/asyncapi.yaml	https://github.com/arnold-keyvalue/slack-bot-test/blob/3398dcbd466279bbbd502d36b42a89aaae0750e2/modules/core/src/main/resources/asyncapi.yaml
dgnsrekt/gexbot-faker-api	api/asyncapi.yaml	https://github.com/dgnsrekt/gexbot-faker-api/blob/df8f09c8a4a0680961cb0c2268f478aebb3dbd1a/api/asyncapi.yaml
sqwoz-hrov/sqwoz-payment-system	asyncapi/asyncapi.yaml	https://github.com/sqwoz-hrov/sqwoz-payment-system/blob/a1fd8e917c1ebc93e555274b7bc3a77971df26d2/asyncapi/asyncapi.yaml
VersaceXcodes/delivery-service-within-24-hours-51mbar	backend/asyncapi.yaml	https://github.com/VersaceXcodes/delivery-service-within-24-hours-51mbar/blob/658127b7b8ca300ce2e454f3254068211da53ed2/backend/asyncapi.yaml
allenheltondev/gopher-holes-unlimited	asyncapi.yaml	https://github.com/allenheltondev/gopher-holes-unlimited/blob/8c8c0facdeb3091c4a633fa1914475259675f6c6/asyncapi.yaml
Sofie-Automation/sofie-core	packages/live-status-gateway-api/src/generated/asyncapi.yaml	https://github.com/Sofie-Automation/sofie-core/blob/dba153c0b5c3ea333edab947359c01532b14c392/packages/live-status-gateway-api/src/generated/asyncapi.yaml
IMAGINARY/citizen-quest	specs/asyncapi.yaml	https://github.com/IMAGINARY/citizen-quest/blob/1848b2565c34e3e871a9d2fdbe85598fa7378c83/specs/asyncapi.yaml
VersaceXcodes/urgent-same-day-delivery-shalj7	backend/asyncapi.yaml	https://github.com/VersaceXcodes/urgent-same-day-delivery-shalj7/blob/e6f9559268940cab948a215ab1471a6310e69bbb/backend/asyncapi.yaml
Verdenroz/finance-query	server/asyncapi.yaml	https://github.com/Verdenroz/finance-query/blob/9bd0154b0c96bdea67a598ac7d520538943f403a/server/asyncapi.yaml
IntelIP/Neural	docs/openapi/websocket-api.yaml	https://github.com/IntelIP/Neural/blob/3c4621cecb2c6efc83cf91aa6d9cf17f815bb311/docs/openapi/websocket-api.yaml
firestoned/firestone	examples/addressbook/asyncapi.yaml	https://github.com/firestoned/firestone/blob/c301292b2d07daebdd841bfa6b552af99a6b90d1/examples/addressbook/asyncapi.yaml
pandapan-cute/TriggerGameCompose	docs/03_詳細設計/API設計書/asyncapi.yaml	https://github.com/pandapan-cute/TriggerGameCompose/blob/8f1ed4bad3b0564d737039e8209b7f735f4c7276/docs/03_%E8%A9%B3%E7%B4%B0%E8%A8%AD%E8%A8%88/API%E8%A8%AD%E8%A8%88%E6%9B%B8/asyncapi.yaml
zimoch84/HaggisProject	haggis-platform/docs/asyncApi/HaggisAPI.yaml	https://github.com/zimoch84/HaggisProject/blob/650aec13c4463324bac7151e04bff2e7df3ab422/haggis-platform/docs/asyncApi/HaggisAPI.yaml
kiransth77/aionmcp	examples/specs/user-events.yaml	https://github.com/kiransth77/aionmcp/blob/3ac62a0666e248277e7b9f19ba1fa9b4f464d027/examples/specs/user-events.yaml
jfriisj/real-time-speech-translation-mvp	docs/api/asyncapi.yaml	https://github.com/jfriisj/real-time-speech-translation-mvp/blob/86c9a55c3a50f6d6b91ec46100b80a3bd7999ba9/docs/api/asyncapi.yaml
ZenRay/LarkServiceCursor	specs/002-websocket-user-auth/contracts/websocket_events.yaml	https://github.com/ZenRay/LarkServiceCursor/blob/013856950f15e938fc2aebaec280831209bbf323/specs/002-websocket-user-auth/contracts/websocket_events.yaml
imaksb/quizy	docs/asyncapi.yaml	https://github.com/imaksb/quizy/blob/b614365494151b49d66131cdaf4dde2f025855f6/docs/asyncapi.yaml
one-2-one/task-manager	lab1/backend/server/doc.yaml	https://github.com/one-2-one/task-manager/blob/91177331f64390d0b541cf69f57b00b5366f28e9/lab1/backend/server/doc.yaml
IMAGINARY/future-mobility	specs/asyncapi.yaml	https://github.com/IMAGINARY/future-mobility/blob/4dc88b668b7787e8e4d4ffb1dd2934705ada6a8a/specs/asyncapi.yaml
Ishan662/User_Management_System-Go-	user-mgmt-system/docs/asyncapi.yaml	https://github.com/Ishan662/User_Management_System-Go-/blob/b54107a2e38cbad429c7a06b2bd71f5327bf5ec4/user-mgmt-system/docs/asyncapi.yaml
slairu/current	backend/asyncapi.yaml	https://github.com/slairu/current/blob/fbb4a70fbc32f45ada03db5c44d42f72a7b4d26c/backend/asyncapi.yaml
guilhermerodrigues680/globo-terrestre-iot	data/asyncapi/asyncapi.yaml	https://github.com/guilhermerodrigues680/globo-terrestre-iot/blob/51853f0b2e4f8d74e0c7f9675e3050d00d2286f4/data/asyncapi/asyncapi.yaml
hasathcharu/ballerina-websockets-test	client/asyncapi.yaml	https://github.com/hasathcharu/ballerina-websockets-test/blob/9a06bf9da22d1e60e1017d9783292eb46d48f35d/client/asyncapi.yaml
bitfocus/companion-module-bmd-cameras	research/Blackmagic URSA Cine 12K LF/control/Notification.yaml	https://github.com/bitfocus/companion-module-bmd-cameras/blob/cbcacc3b13995c97fbcc2bea9c03d239577e9ab1/research/Blackmagic%20URSA%20Cine%2012K%20LF/control/Notification.yaml
SolaceLabs/solace-tools-typescript	packages/ep-asyncapi/test/data/tbd/asyncapi/weather.yaml	https://github.com/SolaceLabs/solace-tools-typescript/blob/d4f1b51a10ce42daefaf180c8eb2abe35d3e5663/packages/ep-asyncapi/test/data/tbd/asyncapi/weather.yaml
SolaceLabs/ep-asyncapi	ep-asyncapi/test/data/tbd/asyncapi/weather.yaml	https://github.com/SolaceLabs/ep-asyncapi/blob/abd7e6a7f72c1e8ec0d9d17f8a336e8eb7320480/ep-asyncapi/test/data/tbd/asyncapi/weather.yaml
robond-fintech/robond	t-invest-api-rust/invest-contracts/src/docs/ws/asyncapi.yaml	https://github.com/robond-fintech/robond/blob/8665a31cb49671b3ac8460e9e6064fe40df098a7/t-invest-api-rust/invest-contracts/src/docs/ws/asyncapi.yaml
VersaceXcodes/make-a-task-management1234-dbwz8a	backend/asyncapi.yaml	https://github.com/VersaceXcodes/make-a-task-management1234-dbwz8a/blob/7fb9f4978e602ca6124546c1ac22ba05b68b1cbd/backend/asyncapi.yaml
Guebbit/boilerplate-node-backend	asyncapi.yaml	https://github.com/Guebbit/boilerplate-node-backend/blob/163816683e9c6e80cc5bdd0fd618cddd2bb90e69/asyncapi.yaml
chess-vn/slchess	docs/api/websocket/asyncapi.yaml	https://github.com/chess-vn/slchess/blob/7d9cbb7b65b69a7a012c23034b0f014a7be759b9/docs/api/websocket/asyncapi.yaml
VersaceXcodes/delivery-service-within-24-hours-45vzsd	backend/asyncapi.yaml	https://github.com/VersaceXcodes/delivery-service-within-24-hours-45vzsd/blob/d697aecd6a629fe8e424ce3de1136c2a813eb47b/backend/asyncapi.yaml
wso2/product-microgateway	samples/apiProjects/SampleWebsocketApi/Definitions/asyncapi.yaml	https://github.com/wso2/product-microgateway/blob/7f01aaeae542c8f659a81b6bb506688c1651c806/samples/apiProjects/SampleWebsocketApi/Definitions/asyncapi.yaml
fkatsaras/functionality-dsl	examples/m2m/asyncapi/crypto-ticker.asyncapi.yaml	https://github.com/fkatsaras/functionality-dsl/blob/df17d5d19e88c1e1671a92b7d6a1e89e93deabe9/examples/m2m/asyncapi/crypto-ticker.asyncapi.yaml
filatkinen/socialnet	api/v1/asyncapi.yaml	https://github.com/filatkinen/socialnet/blob/935433161ed48f1bc3bf20fdc30271512cd5c8e7/api/v1/asyncapi.yaml
chathushkaayash/GraphQL-Over-WebSocket-Protocol	server/graphql_over_websocket_asyncapi.yaml	https://github.com/chathushkaayash/GraphQL-Over-WebSocket-Protocol/blob/50c5018f7201b24831dd403a25448f04c394b0bb/server/graphql_over_websocket_asyncapi.yaml
dnesting/sense	realtime/asyncapi.yaml	https://github.com/dnesting/sense/blob/51f4a75a244adb67315f44cd92ffbe6cab5ed044/realtime/asyncapi.yaml
mohamedutopios/module2-wso2	openapi-libs/events-asyncapi.yaml	https://github.com/mohamedutopios/module2-wso2/blob/0351f862cc9f77bcf398782d1b3634ce9566b9de/openapi-libs/events-asyncapi.yaml
BidnessForB/postman-sdk	fixtures/specs/asyncapi-2.0.yaml	https://github.com/BidnessForB/postman-sdk/blob/6fd9a0beb3de2bc4646fe10379a7a36e71f23daa/fixtures/specs/asyncapi-2.0.yaml
cristianve/VibrationsGame-Backend	api/vibration-async.yaml	https://github.com/cristianve/VibrationsGame-Backend/blob/27d626fa569f6525639ac483f982871a76a77c27/api/vibration-async.yaml
ayumu203/poke-clone-v4	documents/api/asyncapi/asyncapi.yaml	https://github.com/ayumu203/poke-clone-v4/blob/f24451d7081603b2df6a95d116cae85d5f9d3ce4/documents/api/asyncapi/asyncapi.yaml
metaseller/tinkoff-invest-api-v2-php	library/src/docs/ws/asyncapi.yaml	https://github.com/metaseller/tinkoff-invest-api-v2-php/blob/2c3133bd5dbf637ebb826ea41e9f35731d0b376a/library/src/docs/ws/asyncapi.yaml
hkirat/asyncapi-fork	assets/create-glee-app/templates/default/asyncapi.yaml	https://github.com/hkirat/asyncapi-fork/blob/1db6dd2fde049841516488353c519ef44eea3d51/assets/create-glee-app/templates/default/asyncapi.yaml
derberg/shrekapp-asyncapi-designed	asyncapi.yaml	https://github.com/derberg/shrekapp-asyncapi-designed/blob/cee9b081e874a26e26bff6b829b1543af530060c/asyncapi.yaml
Thushani-Jayasekera/websocket-servers	web_sockets/asyncapi.yaml	https://github.com/Thushani-Jayasekera/websocket-servers/blob/23ea9afec05260b0ef222902fb6e62c000913d5b/web_sockets/asyncapi.yaml
aml-org/amf	amf-cli/shared/src/test/resources/upanddown/cycle/async20/components/components-2.3.yaml	https://github.com/aml-org/amf/blob/2a4acce06661e470fe419ae2918785f834bdb7eb/amf-cli/shared/src/test/resources/upanddown/cycle/async20/components/components-2.3.yaml
yogami/agent-arena-terminal	api-contracts/asyncapi.yaml	https://github.com/yogami/agent-arena-terminal/blob/f55696b95e11cd192c85b7da292e074d1c6a987e/api-contracts/asyncapi.yaml
dedoussis/asynction	tests/fixtures/security_oauth2.yaml	https://github.com/dedoussis/asynction/blob/0b35015d84572a1fcb9a5ac69c6c0743601dc4c0/tests/fixtures/security_oauth2.yaml
gerasimov-d/flow-ops	invest-csharp/investAPI/src/docs/ws/asyncapi.yaml	https://github.com/gerasimov-d/flow-ops/blob/362fda17ec80639e65b6160c2f5aaa98da5dff78/invest-csharp/investAPI/src/docs/ws/asyncapi.yaml
thushalya/asyncapi-tools	asyncapi-cli/src/test/resources/ballerina-to-asyncapi/yaml_outputs/ballerina-project/service/readonly.yaml	https://github.com/thushalya/asyncapi-tools/blob/62b0939b67e2cb57358d5702baa4bbdfa935d5d7/asyncapi-cli/src/test/resources/ballerina-to-asyncapi/yaml_outputs/ballerina-project/service/readonly.yaml
lambertlabs/learning-sessions	session_15_websockets/asyncapi.yaml	https://github.com/lambertlabs/learning-sessions/blob/24ddf59c9372e4c3b844f6266896b7da999b94f4/session_15_websockets/asyncapi.yaml
allenheltondev/serverless-websockets	async-api.yaml	https://github.com/allenheltondev/serverless-websockets/blob/a7e12d093fa670b6adbf8f4e848ebdcd5b0c88d8/async-api.yaml
afmancilla/poc-submodule	Asyncapi-Personal.yaml	https://github.com/afmancilla/poc-submodule/blob/6b6516640673e8ac20a77e3aad917f83629cdcc7/Asyncapi-Personal.yaml
Veriflite/portal-api	asyncapi/portal-api.yaml	https://github.com/Veriflite/portal-api/blob/4da8adc6d26d0201ad9ef02ebe31f23123484843/asyncapi/portal-api.yaml
ivankahl/asyncapi-food-delivery	asyncapi.yaml	https://github.com/ivankahl/asyncapi-food-delivery/blob/b85bda97a378d30a2730b1904ddef29c82f0f0f9/asyncapi.yaml
agarkoff/Bonds	investAPI/src/docs/ws/websock/draft-asyncapi.yaml	https://github.com/agarkoff/Bonds/blob/249ad0d0d6d00470d77ad0e549997e4cc349f6a4/investAPI/src/docs/ws/websock/draft-asyncapi.yaml
carlosquintino/realtime-iot-decisioning	magistrala/apidocs/asyncapi/websocket.yaml	https://github.com/carlosquintino/realtime-iot-decisioning/blob/af438a640ec7d857ccf2f0918f2e3cde89f6176a/magistrala/apidocs/asyncapi/websocket.yaml
Jet-labs/jet-admin	socket-events.yaml	https://github.com/Jet-labs/jet-admin/blob/234ac579b13ee5e3a052f7fa808b53f7ce559f66/socket-events.yaml
kaaaaakun/ft_transcendence	asyncapi.yaml	https://github.com/kaaaaakun/ft_transcendence/blob/db30d42f79b777e34e10e803b5c441e405fd1584/asyncapi.yaml
yankeeinlondon/rusty-biscuit	schematic/specs/unfolded-circle/UCR-integration-asyncapi.yaml	https://github.com/yankeeinlondon/rusty-biscuit/blob/448c3b66f34243a7cba893503fdd2f289ee14320/schematic/specs/unfolded-circle/UCR-integration-asyncapi.yaml
VersaceXcodes/calender-system-basic-lpjlzi	backend/asyncapi.yaml	https://github.com/VersaceXcodes/calender-system-basic-lpjlzi/blob/81ba6a9113c6ab25983723b0f44c7a98d375e19c/backend/asyncapi.yaml
H1lp0p/fins-web	openapi/asyncApi.transactions.yaml	https://github.com/H1lp0p/fins-web/blob/a2087cff098a44b43a17d08098b885154081ba41/openapi/asyncApi.transactions.yaml
paradisemay/tradingexchange	API/docs/api/asyncapi.yaml	https://github.com/paradisemay/tradingexchange/blob/f1e1afe356d73f69561a2add8cca759c30955707/API/docs/api/asyncapi.yaml
fmvilas/asyncapi-websockets-example	asyncapi.yaml	https://github.com/fmvilas/asyncapi-websockets-example/blob/a817e3a49044e5196b7b00be3c53e90154816768/asyncapi.yaml
VersaceXcodes/calender-system-software-basic-9xvak1	backend/asyncapi.yaml	https://github.com/VersaceXcodes/calender-system-software-basic-9xvak1/blob/a3be0b8c51b533f6df4ccf636ef83726fcb084cb/backend/asyncapi.yaml
masechkacat/tic-tac-toe-server	asyncapi.yaml	https://github.com/masechkacat/tic-tac-toe-server/blob/bd573584780712f48e1bb4ef66d35bb4e2bbb062/asyncapi.yaml
deivid11/tide-commander	docs/asyncapi.yaml	https://github.com/deivid11/tide-commander/blob/7ede8267ec07a4c68199aaebb61b5a945de7100e/docs/asyncapi.yaml
alexeadem/qbo-asyncapi	asyncapi.yaml	https://github.com/alexeadem/qbo-asyncapi/blob/92aa1c65e30708ab5c335dd04951133fb882a0eb/asyncapi.yaml
victorbahl/mulequiz	mulequiz/src/main/resources/api/asyncapi.yaml	https://github.com/victorbahl/mulequiz/blob/6012c87e915800b2d4a6d97f78021e202e31c1dc/mulequiz/src/main/resources/api/asyncapi.yaml
Masterisk-F/Syncterra	asyncapi.yaml	https://github.com/Masterisk-F/Syncterra/blob/e5f5935a1beabb151a196f2df875b723952faed6/asyncapi.yaml
Unizar-30226-2026-11/Backend	src/sockets/asyncapi.yaml	https://github.com/Unizar-30226-2026-11/Backend/blob/efe8db901addd89db6ded6cf82aa53a523fae8d2/src/sockets/asyncapi.yaml
fern-demo/stress-test	fern/apis/events-api/asyncapi.yaml	https://github.com/fern-demo/stress-test/blob/84decc3794c803fdac173b38103f21df275b973b/fern/apis/events-api/asyncapi.yaml
VersaceXcodes/real-time-pickups-rvxv5p	backend/asyncapi.yaml	https://github.com/VersaceXcodes/real-time-pickups-rvxv5p/blob/3ac292f15cd319bce745b039bc9a2b9d2bb18e00/backend/asyncapi.yaml
lxbme/E-ee	api/asyncapi.yaml	https://github.com/lxbme/E-ee/blob/fc44ecedfff5e44d22a5273397df5795574b29dc/api/asyncapi.yaml
Startempire-Wire/Startempire-Wire-Network-Websockets	docs/asyncapi.yaml	https://github.com/Startempire-Wire/Startempire-Wire-Network-Websockets/blob/ff8a909a40a9131d9de496b16e48af3dc0054554/docs/asyncapi.yaml
BillyBolton/menace	asyncapi/asyncapi.yaml	https://github.com/BillyBolton/menace/blob/ab391523fbbdc08417269dcaf21e660f986e42a4/asyncapi/asyncapi.yaml
LeonardoVincent07/MissionSmith-Demo	contracts/connectivity-apis/asyncapi.yaml	https://github.com/LeonardoVincent07/MissionSmith-Demo/blob/8a20f14df87bcb6b89c266495b68cdcb743cba6e/contracts/connectivity-apis/asyncapi.yaml
Dream-Wood/api-security-analyzer-hack	test-specs/spec.yaml	https://github.com/Dream-Wood/api-security-analyzer-hack/blob/0c21e1766e767e3d03e90f17a6f044bf9dc69a12/test-specs/spec.yaml
VersaceXcodes/calender-system-software-basic-cie8og	backend/asyncapi.yaml	https://github.com/VersaceXcodes/calender-system-software-basic-cie8og/blob/88832ca039d48157fb575eb686ba36f5fb2081ba/backend/asyncapi.yaml
VersaceXcodes/calender-system-software-basic-lkt6hq	backend/asyncapi.yaml	https://github.com/VersaceXcodes/calender-system-software-basic-lkt6hq/blob/8eec100f7da74e93dbe57ac1892a40d89091f64b/backend/asyncapi.yaml
VersaceXcodes/calender-system-software-basic-hoigmu	backend/asyncapi.yaml	https://github.com/VersaceXcodes/calender-system-software-basic-hoigmu/blob/4661292d7a04a0fd4ef37ef368b5a03b44a6db3f/backend/asyncapi.yaml
frankbria/codeframe	specs/012-discovery-answer-ui/contracts/websocket.yaml	https://github.com/frankbria/codeframe/blob/12009daea7be7f30d43250c19051bcd31704f448/specs/012-discovery-answer-ui/contracts/websocket.yaml
lmeilibr/asyncapi-demo	asyncapi.yaml	https://github.com/lmeilibr/asyncapi-demo/blob/4d95f5e43df3e1adb974222726628a47093629af/asyncapi.yaml
henrykey/kone-elevator	elevator-websocket-api-v2.yaml	https://github.com/henrykey/kone-elevator/blob/7a0fdd457e3911cd743d9c840bc203138699c907/elevator-websocket-api-v2.yaml
VersaceXcodes/ui-design-tjtwx4	backend/asyncapi.yaml	https://github.com/VersaceXcodes/ui-design-tjtwx4/blob/a4cb2ad870a4bdf0f402e6619ebab504430f3289/backend/asyncapi.yaml
sunnyhealthai/docs	fern/sh-websocket-backend.asyncapi.yaml	https://github.com/sunnyhealthai/docs/blob/db6753ecbe6e9e8b21e0ee2008f9d16f7dbed478/fern/sh-websocket-backend.asyncapi.yaml
mknoufi/STOCK_VERIFY_ui	specs/002-system-modernization-and-enhancements/contracts/realtime.yaml	https://github.com/mknoufi/STOCK_VERIFY_ui/blob/53542ed6b262ca1d3f20a948651c602a64b869a7/specs/002-system-modernization-and-enhancements/contracts/realtime.yaml
montionugera/atlas-world-svc	colyseus-server/asyncapi.yaml	https://github.com/montionugera/atlas-world-svc/blob/71a2e3f40c6d36f29bf452ece0876ad6193a92a8/colyseus-server/asyncapi.yaml
VersaceXcodes/project-management-software-ewjt80	backend/asyncapi.yaml	https://github.com/VersaceXcodes/project-management-software-ewjt80/blob/89640e6565f8e571960bf82e5156ff69a801df31/backend/asyncapi.yaml
germanProgq/crypto-hackathon	docs/asyncapi.yaml	https://github.com/germanProgq/crypto-hackathon/blob/d57dfef0f4f7505b71c763e4b26abe048f05c12d/docs/asyncapi.yaml
Kyzuma/CSD_Tariffic	notification-service/asyncapi.yaml	https://github.com/Kyzuma/CSD_Tariffic/blob/fb3dc7c24140bedba824785f9874c637329d2b28/notification-service/asyncapi.yaml
blagoySimandov/takgo	asyncapi.yaml	https://github.com/blagoySimandov/takgo/blob/1ae934d22f7f46407640152f3ab4dc1a9f87f0da/asyncapi.yaml
VersaceXcodes/taxi-package-delivery-same-day-6im713	backend/asyncapi.yaml	https://github.com/VersaceXcodes/taxi-package-delivery-same-day-6im713/blob/0a313f242d966d162c8b5023094eaf49a7836aa7/backend/asyncapi.yaml
Remake1/lambda-server	asyncapi.yaml	https://github.com/Remake1/lambda-server/blob/e61828c2031ebaf5939985d3670c7f6cf07517c2/asyncapi.yaml
VersaceXcodes/build-an-online-web-application	backend/asyncapi.yaml	https://github.com/VersaceXcodes/build-an-online-web-application/blob/a7b7b134904c4e0ac312672e58f3b226310ca262/backend/asyncapi.yaml
kanekoshoyu/asyncapi-rust-ws-template	test/input/v2.yaml	https://github.com/kanekoshoyu/asyncapi-rust-ws-template/blob/d6c4082bd58a58a2c2f254d4d2ec3d7d6d7530ad/test/input/v2.yaml
entente-dev/entente	packages/fixtures/test/specs/castles-asyncapi.yaml	https://github.com/entente-dev/entente/blob/9e6bdcb540eb41d9e11ef7bd8aa28f0f38488461/packages/fixtures/test/specs/castles-asyncapi.yaml
dsbaars/btclock-ws-nostr-publish	docs/asyncapi.yaml	https://github.com/dsbaars/btclock-ws-nostr-publish/blob/ed46958e0f4c9848bf4f0537e9e2527687496804/docs/asyncapi.yaml
UNIZAR-30226-2025-05/adrenalux-backend	asyncapi.yaml	https://github.com/UNIZAR-30226-2025-05/adrenalux-backend/blob/2b74913788d869eeb2a03c5994329e466ccab24b/asyncapi.yaml
qconn-io/apim-backstage	backstage/templates/event-asyncapi/content/asyncapi.yaml	https://github.com/qconn-io/apim-backstage/blob/f0db3f71ad2f7c3bf2ab3988160c0b31efa8f932/backstage/templates/event-asyncapi/content/asyncapi.yaml
om-nitrox/dating	docs/api/asyncapi.yaml	https://github.com/om-nitrox/dating/blob/ed55d82dd2bb29a9195e8fb5fb0e0a85d1d1e8db/docs/api/asyncapi.yaml
VersaceXcodes/make-a-task-management-appdesfwqe3e-0jjxse	backend/asyncapi.yaml	https://github.com/VersaceXcodes/make-a-task-management-appdesfwqe3e-0jjxse/blob/824b8585ad0f49d1646de0f051b513918a3faa89/backend/asyncapi.yaml
innovatrics/smartface-integrations	src/KoneApi/Kone.Api.Client/elevator-websocket-api-v2.yaml	https://github.com/innovatrics/smartface-integrations/blob/65484d4e5e2acf35614d019bb8440d239c21285d/src/KoneApi/Kone.Api.Client/elevator-websocket-api-v2.yaml
faraz7321/robot-elevator-middleware	docs/elevators/KONE/elevator-websocket-api-v2.yaml	https://github.com/faraz7321/robot-elevator-middleware/blob/0d59028384ac2ee3f06b947dc6f9a7c8afb85685/docs/elevators/KONE/elevator-websocket-api-v2.yaml
VersaceXcodes/ui-design-h3glv2	backend/asyncapi.yaml	https://github.com/VersaceXcodes/ui-design-h3glv2/blob/15f06d453b3522886421211eaf44e14591446632/backend/asyncapi.yaml
VersaceXcodes/ui-design-l3w1mm	backend/asyncapi.yaml	https://github.com/VersaceXcodes/ui-design-l3w1mm/blob/6990a400a6e96e5f850f6efd5132b8b76eb9cd76/backend/asyncapi.yaml
VersaceXcodes/ui-design-voraox	backend/asyncapi.yaml	https://github.com/VersaceXcodes/ui-design-voraox/blob/05da3e62327a3230a4310de145a7826a6a8f310e/backend/asyncapi.yaml
VersaceXcodes/ui-design-7jcl18	backend/asyncapi.yaml	https://github.com/VersaceXcodes/ui-design-7jcl18/blob/27b4b1e523b1fc101383a3c16566f7ed13e81110/backend/asyncapi.yaml
mknoufi/stock-verify-system	specs/002-system-modernization-and-enhancements/contracts/realtime.yaml	https://github.com/mknoufi/stock-verify-system/blob/8abc0e7ec6a27723d00d88e76598b4a8e49056ae/specs/002-system-modernization-and-enhancements/contracts/realtime.yaml
mknoufi/stck-new	specs/002-system-modernization-and-enhancements/contracts/realtime.yaml	https://github.com/mknoufi/stck-new/blob/2fc64bdfd6fc56233ff905972feb68a0b376e4aa/specs/002-system-modernization-and-enhancements/contracts/realtime.yaml
VersaceXcodes/project-management-software-8xnw1g	backend/asyncapi.yaml	https://github.com/VersaceXcodes/project-management-software-8xnw1g/blob/42da11d8878218c805276549bd81369a83a67d90/backend/asyncapi.yaml
VersaceXcodes/make-a-task-management-appdesfwqe3e-fru29g	backend/asyncapi.yaml	https://github.com/VersaceXcodes/make-a-task-management-appdesfwqe3e-fru29g/blob/53d987a277f27352198994d9b0f09daae3e8be37/backend/asyncapi.yaml
VersaceXcodes/make-a-task-management-appdesfwqe3e-jzaah4	backend/asyncapi.yaml	https://github.com/VersaceXcodes/make-a-task-management-appdesfwqe3e-jzaah4/blob/0a819a42a693cbc00efc787aaffcaabec03a991c/backend/asyncapi.yaml
VersaceXcodes/make-a-task-management-appdesfwqe3e-zpl292	backend/asyncapi.yaml	https://github.com/VersaceXcodes/make-a-task-management-appdesfwqe3e-zpl292/blob/848d7c705fc9d7d118c8ac4e05f57c38ee9746ea/backend/asyncapi.yaml
VersaceXcodes/make-a-task-management-appdesfwqe3e-fzt0ds	backend/asyncapi.yaml	https://github.com/VersaceXcodes/make-a-task-management-appdesfwqe3e-fzt0ds/blob/f38afdf93fd293172e928d687d047bc9df8c9b17/backend/asyncapi.yaml
DimitriosSpanos1998/My_version	asyncapi-mongo-lab/src/examples/sample-asyncapi.yaml	https://github.com/DimitriosSpanos1998/My_version/blob/04c7b579d9fe8baf35731d3e99ca1799956bfc08/asyncapi-mongo-lab/src/examples/sample-asyncapi.yaml
isala404/choreo-tests	ws-relay/asyncapi.yaml	https://github.com/isala404/choreo-tests/blob/ce14803c702e754702d426dd39beec4687d9b474/ws-relay/asyncapi.yaml
pproenca/agent-tui	docs/api/asyncapi.yaml	https://github.com/pproenca/agent-tui/blob/d5997c0c03298ad0350ba85a6b18ac96955373ce/docs/api/asyncapi.yaml
Jacksonspencerd/tcss559-project	EitS/backend/DocService/specs/NodeServiceSocket.yaml	https://github.com/Jacksonspencerd/tcss559-project/blob/d05a379b313a73bbc73d6a152a989bc0bf3ac4bb/EitS/backend/DocService/specs/NodeServiceSocket.yaml
kasrasabertehrani/mancala	src/main/resources/static/asyncapi.yaml	https://github.com/kasrasabertehrani/mancala/blob/f6a8d99beb0503bdd95bd695c8558ca88e191dea/src/main/resources/static/asyncapi.yaml
cryostatio/cryostat	schema/notifications.yaml	https://github.com/cryostatio/cryostat/blob/408c2cd5b3b71e01d423d3383892ba608cd39084/schema/notifications.yaml
panovps/t-invest-api	investAPI-main/src/docs/ws/asyncapi.yaml	https://github.com/panovps/t-invest-api/blob/d28136de69761b27c39f7e9deaa1a17c0ddec6fe/investAPI-main/src/docs/ws/asyncapi.yaml
jpxcz/websocket_template_nodejs	documentation/asyncapi.yaml	https://github.com/jpxcz/websocket_template_nodejs/blob/3fa1b49a5a836e05ae97c20b4ca48f9f68dd9368/documentation/asyncapi.yaml
vitalets/tinkoff-invest-api	investAPI-main/src/docs/ws/asyncapi.yaml	https://github.com/vitalets/tinkoff-invest-api/blob/3aaf6ef1df84c0dc4f7488ac9ea2a159a530409a/investAPI-main/src/docs/ws/asyncapi.yaml
Ishou/wordsparrow	game/api/asyncapi.yaml	https://github.com/Ishou/wordsparrow/blob/d3e37ea6276198dc48cd6e2fdaf67381cb2c579d/game/api/asyncapi.yaml
lechl1/walt	asyncapi.yaml	https://github.com/lechl1/walt/blob/36a56c03d75a7e3ebf85357add13d1b494290813/asyncapi.yaml
brasseld/gravitee-bootcamp-june2022	taxi/asyncapi.yaml	https://github.com/brasseld/gravitee-bootcamp-june2022/blob/ff0bab4bd91d29ba4ed435b53c4e46a53e8679fe/taxi/asyncapi.yaml
MakShuk/t-invest-grpc-sdk	investAPI-main/src/docs/ws/asyncapi.yaml	https://github.com/MakShuk/t-invest-grpc-sdk/blob/bc0759a06c7568782d2094404de8aafbc1a67683/investAPI-main/src/docs/ws/asyncapi.yaml
