DarkflameUniverse/DarkflameServer	docs/ChatWSAPI.yaml	https://github.com/DarkflameUniverse/DarkflameServer/blob/4ef9f4326679803dd1ea8317736f4717366b4c5d/docs/ChatWSAPI.yaml
aklivity/zilla	specs/binding-asyncapi.spec/src/main/scripts/io/aklivity/zilla/specs/binding/asyncapi/config/server.sse.yaml	https://github.com/aklivity/zilla/blob/e88ebe9752dc6664234aae73be1e204ab42c211d/specs/binding-asyncapi.spec/src/main/scripts/io/aklivity/zilla/specs/binding/asyncapi/config/server.sse.yaml
event-catalog/eventcatalog	examples/default/domains/E-Commerce/subdomains/Orders/services/OrdersService/order-service-asyncapi.yaml	https://github.com/event-catalog/eventcatalog/blob/3306a33245e88f3cef38491acb4b7688fe6c5db9/examples/default/domains/E-Commerce/subdomains/Orders/services/OrdersService/order-service-asyncapi.yaml
letya999/support_rag	asyncapi.yaml	https://github.com/letya999/support_rag/blob/68f69b44c8a4a3830d1b4dd677f4a28222e9d3ef/asyncapi.yaml
Goldziher/spikard	testing_data/asyncapi_schemas/sse_events.yaml	https://github.com/Goldziher/spikard/blob/c1a858bf1d34b455332192db4b7f4cf20f9f4c41/testing_data/asyncapi_schemas/sse_events.yaml
MehdiMaachi/tp-xml-meteo	yaml/asyncapi/gitter-streaming3.x.yaml	https://github.com/MehdiMaachi/tp-xml-meteo/blob/98c5963a5e6336dd0dba99eac2a7014f1470e32d/yaml/asyncapi/gitter-streaming3.x.yaml
delano/postman-mcp-server	docs/api/references/postman-api-requestBodies.yaml	https://github.com/delano/postman-mcp-server/blob/d29c2df5dedbb4f3384ebc0a71e8d256e04671a2/docs/api/references/postman-api-requestBodies.yaml
RobinTail/zod-sockets	example/example-documentation.yaml	https://github.com/RobinTail/zod-sockets/blob/ca15aaae54018e49db97496eccacf488731ae78b/example/example-documentation.yaml
dhanisetti/Tenderlink	specs/events/tenderlink-events.yaml	https://github.com/dhanisetti/Tenderlink/blob/62c41d83c5cac7a0c8ea65ca7b86c07b58d1888f/specs/events/tenderlink-events.yaml
ngscheurich/elixirconf-eu-2024	asyncapi.yaml	https://github.com/ngscheurich/elixirconf-eu-2024/blob/b3119d8a4534ebe937eeee968d68d06c06d5ffa8/asyncapi.yaml
boyney123/my-eventcatalog	domains/Orders/services/OrdersService/order-service-asyncapi.yaml	https://github.com/boyney123/my-eventcatalog/blob/fdd2ea58888c6ab7c0e42996220ff64f46cda2c8/domains/Orders/services/OrdersService/order-service-asyncapi.yaml
loulou123546/kenshiata-shared	docs/asyncapi.yaml	https://github.com/loulou123546/kenshiata-shared/blob/6f69ec8714e1b5c3452ac9123c14507af0ae7240/docs/asyncapi.yaml
yojo-generator/generator	examples/gitter-streaming-async-api-v3.0.yaml	https://github.com/yojo-generator/generator/blob/a272ab2f8e1c1a58c56d709e41d4ee2cb76e5fdd/examples/gitter-streaming-async-api-v3.0.yaml
jijingkun-commits/fastapi	contracts/api/streaming-events.asyncapi.yaml	https://github.com/jijingkun-commits/fastapi/blob/21d03858f4c4be97b1feaa9e948ca3c5bf3e8357/contracts/api/streaming-events.asyncapi.yaml
graviteeqa/testrepo	asyncapi.yaml	https://github.com/graviteeqa/testrepo/blob/5d824d02572ebaa7c03364aa4bc331a514dd1bfe/asyncapi.yaml
almashooq1/alawael-erp	docs/api/asyncapi-events.yaml	https://github.com/almashooq1/alawael-erp/blob/da1fb3180fe9997e7f116f1d340a1faff3266437/docs/api/asyncapi-events.yaml
newstack-cloud/celerity	libs/runtime/api-docs/workflow-api/workflow-stream-api-v1.yaml	https://github.com/newstack-cloud/celerity/blob/ecfea0f10aee870eecb4b70a57f01c82ada5e2b7/libs/runtime/api-docs/workflow-api/workflow-stream-api-v1.yaml
IATI/iati-message-queue-service	specification/schemas-servers.yaml	https://github.com/IATI/iati-message-queue-service/blob/adb2bf71967510e47011311c1b1cd44aff857872/specification/schemas-servers.yaml
mindwm/mindwm-api	asyncapi_base.yaml	https://github.com/mindwm/mindwm-api/blob/48c5781d55887df2bbda0a0c77b6b273ba160b2a/asyncapi_base.yaml
frankkilcommins/arazzo-examples	v1.1.0-prep/async-api-examples/http-webhooks/document-webhook.asyncapi.yaml	https://github.com/frankkilcommins/arazzo-examples/blob/adc5930733e350d88d33c262cdc086dd139f1949/v1.1.0-prep/async-api-examples/http-webhooks/document-webhook.asyncapi.yaml
XaaXaaX/aws-cloudevents-eda	specs/Product/1.0.0/asyncapi.yaml	https://github.com/XaaXaaX/aws-cloudevents-eda/blob/4d059659cf8a357a4a1896aa8c9e5af5cf03efc5/specs/Product/1.0.0/asyncapi.yaml
XaaXaaX/eventcatalog-automation	specs/Order/1.0.0/asyncapi.yaml	https://github.com/XaaXaaX/eventcatalog-automation/blob/d96efa5162253285be8b5de35d585b037c2366bd/specs/Order/1.0.0/asyncapi.yaml
Pakisan/jasyncapi-idea-plugin-demo	messages-broadcaster/asyncapi/messages-api.yaml	https://github.com/Pakisan/jasyncapi-idea-plugin-demo/blob/182188fd9d67a2b5a2bbdad16547cf4833c0d2cc/messages-broadcaster/asyncapi/messages-api.yaml
PacktPublishing/Software-Architecture-with-Cpp-2E	Chapter15/http/customer/src/customer/static/asyncapi.yaml	https://github.com/PacktPublishing/Software-Architecture-with-Cpp-2E/blob/6a257da5a493f71d442d591e9473a728cd99421b/Chapter15/http/customer/src/customer/static/asyncapi.yaml
lafette21/smart-gardening	api/asyncapi.yaml	https://github.com/lafette21/smart-gardening/blob/b894febfe3fdb44c51032afe106a03aedd340a7a/api/asyncapi.yaml
straylight-archive/render-api	api/render.asyncapi.yaml	https://github.com/straylight-archive/render-api/blob/36d9366b2c0be6bbc3c51d8e3d80e7e8403e7ec3/api/render.asyncapi.yaml
call-sofia/callsofia-webhooks-docs	asyncapi/webhooks.yaml	https://github.com/call-sofia/callsofia-webhooks-docs/blob/26197a64187576da454d5a42bbc0f3b11d47907c/asyncapi/webhooks.yaml
thealmikey/zilla-kt	specs/binding-asyncapi.spec/src/main/scripts/io/aklivity/zilla/specs/binding/asyncapi/config/proxy.http.kafka.async.yaml	https://github.com/thealmikey/zilla-kt/blob/7f9dc7b14d4ee5ab9b23b4f1a3031e1e88896d02/specs/binding-asyncapi.spec/src/main/scripts/io/aklivity/zilla/specs/binding/asyncapi/config/proxy.http.kafka.async.yaml
DafeCpp/product_dev_course	projects/backend/services/telemetry-ingest-service/asyncapi.yaml	https://github.com/DafeCpp/product_dev_course/blob/21cf3bd361d27cddf6751b62e0772e4b3bd383cb/projects/backend/services/telemetry-ingest-service/asyncapi.yaml
aklivity/zilla-demos	sports-betting/zilla/etc/specs/http-asyncapi.yaml	https://github.com/aklivity/zilla-demos/blob/524b9decbb58fc7eefc2ab595943185eac4110c1/sports-betting/zilla/etc/specs/http-asyncapi.yaml
kelnishi/SatMouse	specs/asyncapi.yaml	https://github.com/kelnishi/SatMouse/blob/b98539f369562b108e31e6f295e55372f71aac29/specs/asyncapi.yaml
Harmelodic/init-microservice	api-specs/asyncapi.yaml	https://github.com/Harmelodic/init-microservice/blob/d84cf333f3fd362310280a768f02043218b72dd1/api-specs/asyncapi.yaml
ak125/nestjs-remix-monorepo	.spec/asyncapi.yaml	https://github.com/ak125/nestjs-remix-monorepo/blob/0b8527e38c549d38cb254ebb05648eb88553eccf/.spec/asyncapi.yaml
asyncapi/website	public/resources/casestudies/transfergo/asyncapi.yaml	https://github.com/asyncapi/website/blob/5d2d0f83d35c506453f9859ee44f18f765d46a3f/public/resources/casestudies/transfergo/asyncapi.yaml
CruelAddict/ori	libs/contract/events.asyncapi.yaml	https://github.com/CruelAddict/ori/blob/9645c60c6cfd00178ad290bc20a476852dafee2d/libs/contract/events.asyncapi.yaml
Malmo-Skyttegille-Pistolsektionen/rotation_target_backend_resources	sse/asyncapi.yaml	https://github.com/Malmo-Skyttegille-Pistolsektionen/rotation_target_backend_resources/blob/0fcd49eeac2436fad8f9332a30c19c039d1b4026/sse/asyncapi.yaml
postel-sh/postel	specs/wire-format/asyncapi.yaml	https://github.com/postel-sh/postel/blob/a0bba74210d1550fc6dafc382810323a6feff2dd/specs/wire-format/asyncapi.yaml
pb33f/libasyncapi	test_fixtures/multi-protocol.yaml	https://github.com/pb33f/libasyncapi/blob/1e291829f9219cb6dbf4214a11fd07b5c83e561d/test_fixtures/multi-protocol.yaml
jordancrombie/bsim	docs/asyncapi.yaml	https://github.com/jordancrombie/bsim/blob/4af35051079b040061939a871545131476e0c2d6/docs/asyncapi.yaml
postman-cs/postman-aws-spec-discovery-action	tests/live/test-resources.yaml	https://github.com/postman-cs/postman-aws-spec-discovery-action/blob/fef5397b0fe270fc3f377d2cffb18a2041c465e3/tests/live/test-resources.yaml
apiaddicts/sonarasyncapi-rules	src/test/resources/checks/v3/security/AAR001/with-https.yaml	https://github.com/apiaddicts/sonarasyncapi-rules/blob/0bc5e34b1e8dcce2b6b95f392bf88288bd58a764/src/test/resources/checks/v3/security/AAR001/with-https.yaml
codemonstersteam/pinout-asyncapi	testdata/contract_validator/provider_external.yaml	https://github.com/codemonstersteam/pinout-asyncapi/blob/d370f39e352b4a1a6a41c4f6e0ff56d9a14103dd/testdata/contract_validator/provider_external.yaml
swagger-api/apidom	packages/apidom-ls/test/fixtures/validation/asyncapi/server-bindings-ref-3-0.yaml	https://github.com/swagger-api/apidom/blob/c20813a5f609bceea761085a65c54eb0ae971271/packages/apidom-ls/test/fixtures/validation/asyncapi/server-bindings-ref-3-0.yaml
nandinimukherjeeblr/testing_dita	yaml/asyncapi/gitter-streaming3.x.yaml	https://github.com/nandinimukherjeeblr/testing_dita/blob/dc7b610f1d23cfbf13aacd9d01c652b5e65c55b9/yaml/asyncapi/gitter-streaming3.x.yaml
yukihito-jokyu/postman-mcp-server	docs/api/references/postman-api-requestBodies.yaml	https://github.com/yukihito-jokyu/postman-mcp-server/blob/090576a83cddc8a8353c308e7c4cd9fe5b8d5516/docs/api/references/postman-api-requestBodies.yaml
boyney123/starter-catalog	domains/Orders/services/OrdersService/order-service-asyncapi.yaml	https://github.com/boyney123/starter-catalog/blob/bcfa53e1beec8fcf71627a4b40c33011bc1573d2/domains/Orders/services/OrdersService/order-service-asyncapi.yaml
event-catalog/generators	packages/generator-ai/src/test/catalog/domains/Orders/services/OrdersService/order-service-asyncapi.yaml	https://github.com/event-catalog/generators/blob/50f91edd25971318e31e5b93968fe6593c8be781/packages/generator-ai/src/test/catalog/domains/Orders/services/OrdersService/order-service-asyncapi.yaml
Khrisseh1995/event-catalogue-test-2	catalog/domains/Orders/services/OrdersService/order-service-asyncapi.yaml	https://github.com/Khrisseh1995/event-catalogue-test-2/blob/82bd5c23ddac53303068a6a357b875acd50c34b1/catalog/domains/Orders/services/OrdersService/order-service-asyncapi.yaml
rock-hu/architecture-catalog	.eventcatalog-core/public/generated/services/OrdersService/versioned/0.0.2/order-service-asyncapi.yaml	https://github.com/rock-hu/architecture-catalog/blob/08f57e31931e28e69b5ed595dda6e632b1bbcc08/.eventcatalog-core/public/generated/services/OrdersService/versioned/0.0.2/order-service-asyncapi.yaml
peterjaberau/mock-data	src/apps/eventcatalog/generated/services/OrdersService/order-service-asyncapi.yaml	https://github.com/peterjaberau/mock-data/blob/84714caf57b05402491b4ec23d20118b9789f24d/src/apps/eventcatalog/generated/services/OrdersService/order-service-asyncapi.yaml
Opzet/EFDesignerExamples	EDA_Core/Default Example/Order Inventory Management/Document/my-event-catalog/domains/Orders/services/OrdersService/versioned/0.0.2/order-service-asyncapi.yaml	https://github.com/Opzet/EFDesignerExamples/blob/240662a2d6947297ad6e2c77773162ee5bf0c939/EDA_Core/Default%20Example/Order%20Inventory%20Management/Document/my-event-catalog/domains/Orders/services/OrdersService/versioned/0.0.2/order-service-asyncapi.yaml
codemonstersteam/mq-rest-sync-adapter	contract-tests-v2/testdata/contract_validator/provider_external.yaml	https://github.com/codemonstersteam/mq-rest-sync-adapter/blob/accc30f8d2f8cb97e4eff7d969bee81aacb58b2f/contract-tests-v2/testdata/contract_validator/provider_external.yaml
insspb/asyncapi3	tests/fixtures/yaml_specs/valid/single_file/http.yaml	https://github.com/insspb/asyncapi3/blob/d7e6b604c4553873247525dd26a3c50b9ff16ff8/tests/fixtures/yaml_specs/valid/single_file/http.yaml
amer8/apibconv	test/integration/testdata/asyncapi_v3.yaml	https://github.com/amer8/apibconv/blob/778ff8f55e617e90d69b8b7fff8ec38217892860/test/integration/testdata/asyncapi_v3.yaml
