Redocly/redocly-cli	resources/asyncapi3.yaml	https://github.com/Redocly/redocly-cli/blob/8becb8acf8d9bbf071e9d13f5ef3f511683cfe8c/resources/asyncapi3.yaml
openfoodfacts/openfoodfacts-server	docs/events/openfoodfacts-server.yaml	https://github.com/openfoodfacts/openfoodfacts-server/blob/20ef2ed0eb4aec12ccf3fcf31f5883faa53537ce/docs/events/openfoodfacts-server.yaml
Sunagatov/Iced-Latte	docs/events/asyncapi.yaml	https://github.com/Sunagatov/Iced-Latte/blob/000aac140b1bc26ba85cc31a60db830eb77b35cc/docs/events/asyncapi.yaml
Harsh4902/kubecon-eu-2026-tutorials	asyncapi/saga-order-1.0.0-asyncapi.yaml	https://github.com/Harsh4902/kubecon-eu-2026-tutorials/blob/25127d5ee6e00dc288cd26d43873194b536889f1/asyncapi/saga-order-1.0.0-asyncapi.yaml
G-USI/asyncapi-python	examples/amqp-topic/spec/publisher.asyncapi.yaml	https://github.com/G-USI/asyncapi-python/blob/be3fef85e87f386397efcaf68a7346bc1ebddedd/examples/amqp-topic/spec/publisher.asyncapi.yaml
FrankSpooren/HolidaiButler	platform-core/specs/asyncapi/flows/CD4.yaml	https://github.com/FrankSpooren/HolidaiButler/blob/4f94f46149de21acc2230610e77575284eff26be/platform-core/specs/asyncapi/flows/CD4.yaml
Souvikns/greet-bot	asyncapi.yaml	https://github.com/Souvikns/greet-bot/blob/e0a86db19de9d790162de679d62b7e274c9d53a5/asyncapi.yaml
frankkilcommins/arazzo-examples	v1.1.0-prep/async-api-examples/sns/order-events-sns.asyncapi.yaml	https://github.com/frankkilcommins/arazzo-examples/blob/adc5930733e350d88d33c262cdc086dd139f1949/v1.1.0-prep/async-api-examples/sns/order-events-sns.asyncapi.yaml
ambihome-gmbh/asyncapi	examples/multi_stack/priv/schema/service.yaml	https://github.com/ambihome-gmbh/asyncapi/blob/2f8a84b3e35fb0413093ee801e00b6a81b9c2835/examples/multi_stack/priv/schema/service.yaml
jlfowle/asterism	services/cluster/api/asyncapi.yaml	https://github.com/jlfowle/asterism/blob/2abedfc96b7e6315929e43996afa1d9bdf902a3f/services/cluster/api/asyncapi.yaml
Pakisan/jasyncapi-idea-plugin-demo	xml/account-service-ref.yaml	https://github.com/Pakisan/jasyncapi-idea-plugin-demo/blob/182188fd9d67a2b5a2bbdad16547cf4833c0d2cc/xml/account-service-ref.yaml
asyncapi/bundler	example/v3/main.yaml	https://github.com/asyncapi/bundler/blob/e45b541a1f0565064f3e732a6c3a348a33e09d99/example/v3/main.yaml
sanzhanggui/grandma_cook_agent	events/tasks.yaml	https://github.com/sanzhanggui/grandma_cook_agent/blob/8bb226cc2161035feb8c8036cf5e00e1b692e5c3/events/tasks.yaml
ivanztz/sandbox	object-api/src/main/resources/api/async/objects-api.yaml	https://github.com/ivanztz/sandbox/blob/54a77850127292709401195acb83bf63212263b4/object-api/src/main/resources/api/async/objects-api.yaml
0xFivis/agentic-mesh-arch-kit	_example/contracts/bctx-orders/asyncapi/bctx-orders.order.placed.v1.yaml	https://github.com/0xFivis/agentic-mesh-arch-kit/blob/424e6154011f36b75cbe780f6ccd5dcf1cdb97c8/_example/contracts/bctx-orders/asyncapi/bctx-orders.order.placed.v1.yaml
davidB/sandbox_cdevents_spec	asyncapi/spec/asyncapi.yaml	https://github.com/davidB/sandbox_cdevents_spec/blob/352f85e1797a7a51c7c6748792e12adc83ce4874/asyncapi/spec/asyncapi.yaml
picodotdev/blog-bitix	content/posts/2026/2026-05-18-introduccion-y-uso-de-las-especificaciones-de-cloudevents-y-asyncapi/code/orders.yaml	https://github.com/picodotdev/blog-bitix/blob/89378dd346bf5c47578c995a16b84771a6c48301/content/posts/2026/2026-05-18-introduccion-y-uso-de-las-especificaciones-de-cloudevents-y-asyncapi/code/orders.yaml
barisozy/spring-boot-outbox-starter	outbox-core/src/main/resources/asyncapi/outbox-events.yaml	https://github.com/barisozy/spring-boot-outbox-starter/blob/bec3424b57171a66815183ff96528fb7bd10d594/outbox-core/src/main/resources/asyncapi/outbox-events.yaml
openfoodfacts/openfoodfacts-auth	docs/events/openfoodfacts-auth.yaml	https://github.com/openfoodfacts/openfoodfacts-auth/blob/3226f445e7693cb3f9fe08020c932d13aa3c9284/docs/events/openfoodfacts-auth.yaml
vsk-api/papi	async1.yaml	https://github.com/vsk-api/papi/blob/7d4f89241b6ebc1d53d6f6bbff7dfe9e501c952a/async1.yaml
aniccname/Q-Game	Q-Web-client/src/protocol.yaml	https://github.com/aniccname/Q-Game/blob/0f1f8630512203a89274c2b592c20b57b48fd5b1/Q-Web-client/src/protocol.yaml
balbrench/Spec2Integration	plugins/spec2integration-core/templates/contracts/asyncapi.yaml	https://github.com/balbrench/Spec2Integration/blob/a653ce43470109154eb481e53ec90bf6f8eedf9b/plugins/spec2integration-core/templates/contracts/asyncapi.yaml
artur-ciocanu/presentations	apidays-conf-london-2024/code/metrics-agent/asyncapi.yaml	https://github.com/artur-ciocanu/presentations/blob/3fd7d8393971312c7b9e86219ed2c7357900a56a/apidays-conf-london-2024/code/metrics-agent/asyncapi.yaml
madebykrol/formr	src/backend/Formr.Api/asyncapi/asyncapi.yaml	https://github.com/madebykrol/formr/blob/fce256ba5e8d9e91649fe210f42e0adfc6cdf3c0/src/backend/Formr.Api/asyncapi/asyncapi.yaml
smoya/asyncapi-parser-example	asyncapi.yaml	https://github.com/smoya/asyncapi-parser-example/blob/2a80830e90e0923878364c8530faaf03464c0d50/asyncapi.yaml
openfoodfacts/documentation	docs/product-opener/events/openfoodfacts-server.yaml	https://github.com/openfoodfacts/documentation/blob/90b4fac9eb1506ff02d0bedc1f546ef2be6ac008/docs/product-opener/events/openfoodfacts-server.yaml
timnavigate/DAC	playgrounds/openapi-vs-asyncapi/asyncapi00-example.yaml	https://github.com/timnavigate/DAC/blob/10eac44d80b584a0352ec1b099687267d0ff68ed/playgrounds/openapi-vs-asyncapi/asyncapi00-example.yaml
evryfs/asyncapi-generator	asyncapi-generator-core/src/test/resources/examples/asyncapi_simple_example.yaml	https://github.com/evryfs/asyncapi-generator/blob/09c8ba8d13d70c690ee8100d2799ae46aa9c39fb/asyncapi-generator-core/src/test/resources/examples/asyncapi_simple_example.yaml
Netcracker/qubership-apihub-api-processor	test/projects/asyncapi/info/tags/inline/spec.yaml	https://github.com/Netcracker/qubership-apihub-api-processor/blob/18c3a5d935e5aa9f80d186064e3bb4f21bb07eae/test/projects/asyncapi/info/tags/inline/spec.yaml
apiaddicts/sonarasyncapi-rules	src/test/resources/checks/v3/format/AAR012/without-operation-id.yaml	https://github.com/apiaddicts/sonarasyncapi-rules/blob/0bc5e34b1e8dcce2b6b95f392bf88288bd58a764/src/test/resources/checks/v3/format/AAR012/without-operation-id.yaml
Netcracker/qubership-integration-runtime-catalog	src/test/resources/asyncapi/v3/kafka-v3-multi-operation.yaml	https://github.com/Netcracker/qubership-integration-runtime-catalog/blob/c7295671d031ce7cfe9c8c9ee71283ff6656531e/src/test/resources/asyncapi/v3/kafka-v3-multi-operation.yaml
barbacane-dev/barbacane	tests/fixtures/kafka-dispatch.yaml	https://github.com/barbacane-dev/barbacane/blob/bb08eb0d34994c98c28e0ad0fe0e5a5d28de2be2/tests/fixtures/kafka-dispatch.yaml
charlie-haley/asyncapi-go	testdata/semantic_invalid_3_0_0_v2_publish_subscribe.yaml	https://github.com/charlie-haley/asyncapi-go/blob/9782889bf371ab858248130403b43aec907c7fec/testdata/semantic_invalid_3_0_0_v2_publish_subscribe.yaml
zuevrs/yanote	yanote-js/test/fixtures/asyncapi/header-runtime-inline-v3.yaml	https://github.com/zuevrs/yanote/blob/9115da173be121b8ff3cb2d9fb5f92d11299562f/yanote-js/test/fixtures/asyncapi/header-runtime-inline-v3.yaml
swagger-api/apidom	packages/apidom-ls/test/fixtures/validation/asyncapi/operation-required-3-0.yaml	https://github.com/swagger-api/apidom/blob/c20813a5f609bceea761085a65c54eb0ae971271/packages/apidom-ls/test/fixtures/validation/asyncapi/operation-required-3-0.yaml
ff-fab/cosalette	packages/tests/fixtures/schemas/valid_with_refs.yaml	https://github.com/ff-fab/cosalette/blob/15ad2b134c7f6ba384f7da7d28dac5db8f52eb6b/packages/tests/fixtures/schemas/valid_with_refs.yaml
insspb/asyncapi3	tests/fixtures/yaml_specs/valid/multi_files/frontend/asyncapi.yaml	https://github.com/insspb/asyncapi3/blob/d7e6b604c4553873247525dd26a3c50b9ff16ff8/tests/fixtures/yaml_specs/valid/multi_files/frontend/asyncapi.yaml
asynq-io/pydantic-asyncapi	tests/fixtures/v3/simple.yaml	https://github.com/asynq-io/pydantic-asyncapi/blob/d29ef3fd49e1d18bd4fb4e5c53df6ec71b0b5d4e/tests/fixtures/v3/simple.yaml
Netcracker/qubership-integration-platform	runtime-catalog/src/test/resources/asyncapi/v3/kafka-v3-multi-operation.yaml	https://github.com/Netcracker/qubership-integration-platform/blob/b05bac38998e14f8c810890a3bfdf8a8c22ceb8d/runtime-catalog/src/test/resources/asyncapi/v3/kafka-v3-multi-operation.yaml
asyncapi/jasyncapi	asyncapi-core/src/test/resources/examples/v3.0.0/xml/simple-referenced-schema.yaml	https://github.com/asyncapi/jasyncapi/blob/e754fee8fdc9185484be1324e3534b4abc00d293/asyncapi-core/src/test/resources/examples/v3.0.0/xml/simple-referenced-schema.yaml
jqassistant-plugin/jqassistant-asyncapi-plugin	src/test/resources/testAsyncApi/operationsTest.yaml	https://github.com/jqassistant-plugin/jqassistant-asyncapi-plugin/blob/95e978f04474fbaa5975a5da33747f731e0fe5a1/src/test/resources/testAsyncApi/operationsTest.yaml
finlayjn/asyncapi-swift-ws-template	test/fixtures/malicious-url-backslash.asyncapi.yaml	https://github.com/finlayjn/asyncapi-swift-ws-template/blob/dc2bee24e564e5b97ce1c6fca50845f03115ecfa/test/fixtures/malicious-url-backslash.asyncapi.yaml
xingyug/service2mcp	tests/fixtures/asyncapi_specs/simple_v3.yaml	https://github.com/xingyug/service2mcp/blob/52d46f21bf3087581fc007cbee03377ad50a9c4f/tests/fixtures/asyncapi_specs/simple_v3.yaml
ravecat/asyncapi	test/fixtures/regressions/reply-payload.asyncapi.yaml	https://github.com/ravecat/asyncapi/blob/4b0f533ddb3daeba401dfe2b032cd7632d2197d3/test/fixtures/regressions/reply-payload.asyncapi.yaml
asyncapi/protobuf-schema-parser	test/documents/recursive.proto3.yaml	https://github.com/asyncapi/protobuf-schema-parser/blob/685f881d085f3a98d4cedda98e92f14bb1584be9/test/documents/recursive.proto3.yaml
the-codegen-project/cli	test/blackbox/schemas/asyncapi/documentation.yaml	https://github.com/the-codegen-project/cli/blob/43bb4f0ed8bf5a5d6118fa74f74d15ed77c6917d/test/blackbox/schemas/asyncapi/documentation.yaml
ajevans99/swift-asyncapi	Tests/AsyncAPIBuilderTests/__Snapshots__/AsyncAPIBuilderTests/asyncAPISnapshot.1.yaml	https://github.com/ajevans99/swift-asyncapi/blob/2ed4c448a78d881f2b4f6ecffe13b89cbf6af7d7/Tests/AsyncAPIBuilderTests/__Snapshots__/AsyncAPIBuilderTests/asyncAPISnapshot.1.yaml
TomzBench/jsmn-tools	codegen/tests/fixtures/walk/asyncapi_channels.yaml	https://github.com/TomzBench/jsmn-tools/blob/4b38d4617919015b1aedfc135620e51441354b37/codegen/tests/fixtures/walk/asyncapi_channels.yaml
DarkflameUniverse/DarkflameServer	docs/ChatWSAPI.yaml	https://github.com/DarkflameUniverse/DarkflameServer/blob/4ef9f4326679803dd1ea8317736f4717366b4c5d/docs/ChatWSAPI.yaml
kanekoshoyu/exchange-collection	asset/coincheck_ws_asyncapi.yaml	https://github.com/kanekoshoyu/exchange-collection/blob/68b68600603dc8f988bf2c581135fa733a0ced39/asset/coincheck_ws_asyncapi.yaml
event-catalog/eventcatalog	examples/default/domains/E-Commerce/subdomains/Orders/services/OrdersService/versioned/0.0.2/order-service-asyncapi.yaml	https://github.com/event-catalog/eventcatalog/blob/3306a33245e88f3cef38491acb4b7688fe6c5db9/examples/default/domains/E-Commerce/subdomains/Orders/services/OrdersService/versioned/0.0.2/order-service-asyncapi.yaml
aklivity/zilla	specs/binding-asyncapi.spec/src/main/scripts/io/aklivity/zilla/specs/binding/asyncapi/config/client.mqtt.secure.yaml	https://github.com/aklivity/zilla/blob/e88ebe9752dc6664234aae73be1e204ab42c211d/specs/binding-asyncapi.spec/src/main/scripts/io/aklivity/zilla/specs/binding/asyncapi/config/client.mqtt.secure.yaml
Pinit-Scheduler/pinit-auth	src/main/resources/async-api.yaml	https://github.com/Pinit-Scheduler/pinit-auth/blob/011a918b6b95b95e999df884f5ca8b84a8bbe333/src/main/resources/async-api.yaml
PacktPublishing/Software-Architecture-with-Cpp-2E	Chapter15/http/customer/src/customer/static/asyncapi.yaml	https://github.com/PacktPublishing/Software-Architecture-with-Cpp-2E/blob/6a257da5a493f71d442d591e9473a728cd99421b/Chapter15/http/customer/src/customer/static/asyncapi.yaml
ir-kit/ir-kit	fixtures/user-events.yaml	https://github.com/ir-kit/ir-kit/blob/8c974399f54a741225c83bb63266b3085375e109/fixtures/user-events.yaml
kakabisht/AsyncAPITemplate	asyncapi-three.yaml	https://github.com/kakabisht/AsyncAPITemplate/blob/b01b44c8752a1a9942766f12a62c6b8d8da20387/asyncapi-three.yaml
ldynia/learning-api-styles	src/django/docs/api/websocket/v1-schema.yaml	https://github.com/ldynia/learning-api-styles/blob/dc8bbcfc00e3257ff65b9b3170cc573406223bfd/src/django/docs/api/websocket/v1-schema.yaml
Lap-Platform/LAP	examples/verbose/asyncapi/notifications.yaml	https://github.com/Lap-Platform/LAP/blob/31ac700f6453ac15649ab850251f97f3307344bb/examples/verbose/asyncapi/notifications.yaml
MaximilianWalker/HexRelay	fixtures/contract-parity/fail-realtime-signal-envelope-semantics/docs/contracts/realtime-events-runtime.asyncapi.yaml	https://github.com/MaximilianWalker/HexRelay/blob/46fe568c293cf032e8dafbfcfca863fde3f142f5/fixtures/contract-parity/fail-realtime-signal-envelope-semantics/docs/contracts/realtime-events-runtime.asyncapi.yaml
resultakak/argos	templates/data-contracts/asyncapi-event.yaml	https://github.com/resultakak/argos/blob/95139c00f2a0c7cdc2f45919a77c99231bd4ccab/templates/data-contracts/asyncapi-event.yaml
nivreddy14/event-mesh	mesh/lobs/demo/user-service/asyncapi.yaml	https://github.com/nivreddy14/event-mesh/blob/d9e12940eb85dc9e568c6497f666b86994956f2a/mesh/lobs/demo/user-service/asyncapi.yaml
jamescarr/async-api-demo	docs/asyncapi-producer.yaml	https://github.com/jamescarr/async-api-demo/blob/6cb476c96a0a5eca2944d28feab9c8b61440268b/docs/asyncapi-producer.yaml
CALLlA-74/bauman-poker	docs/api/game-server-ws-api.yaml	https://github.com/CALLlA-74/bauman-poker/blob/6754fb59a7ed991ae00efa240a238a7b83c5e371/docs/api/game-server-ws-api.yaml
EVerest/EVerest	docs/source/reference/EVerest_API/auth_token_provider_API.yaml	https://github.com/EVerest/EVerest/blob/8e89f428380994d9781bc3add69effb4221a1719/docs/source/reference/EVerest_API/auth_token_provider_API.yaml
christopherblaisdell/continuous-architecture-platform-poc	architecture/events/svc-check-in.events.yaml	https://github.com/christopherblaisdell/continuous-architecture-platform-poc/blob/29264a06089efc6e3f00d7a6d15a46a486399033/architecture/events/svc-check-in.events.yaml
Cirripide/local-rag-for-documents-be	src/routes/v1/docs/asyncapi.yaml	https://github.com/Cirripide/local-rag-for-documents-be/blob/a8c204c518f3584405b207f9078c55b1498005c9/src/routes/v1/docs/asyncapi.yaml
heikkilamarko/todo-app	backend/todo-api/api/asyncapi.yaml	https://github.com/heikkilamarko/todo-app/blob/9faf702c16335970694528af00402fe3bcb982b8/backend/todo-api/api/asyncapi.yaml
openxapi/openxapi	specs/binance/asyncapi/spot/session.subscriptions.yaml	https://github.com/openxapi/openxapi/blob/e2791e425741e4002b8db44ca3f34f2e49aa8eea/specs/binance/asyncapi/spot/session.subscriptions.yaml
meridianhub/meridian	api/asyncapi/market-information.yaml	https://github.com/meridianhub/meridian/blob/5c345340ea840a28a64c0aa7f19edafa4a1f1430/api/asyncapi/market-information.yaml
XaaXaaX/aws-cloudevents-eda	specs/Shipment/1.0.0/asyncapi.yaml	https://github.com/XaaXaaX/aws-cloudevents-eda/blob/4d059659cf8a357a4a1896aa8c9e5af5cf03efc5/specs/Shipment/1.0.0/asyncapi.yaml
CJovan02/iots	datamanager/data-manager-async-api.yaml	https://github.com/CJovan02/iots/blob/b3f30e9167e4c1f51628949be91ecb4b58bc6dd0/datamanager/data-manager-async-api.yaml
aklivity/zilla-demos	petstore/petstore-kafka-asyncapi-v1.yaml	https://github.com/aklivity/zilla-demos/blob/524b9decbb58fc7eefc2ab595943185eac4110c1/petstore/petstore-kafka-asyncapi-v1.yaml
mishasdk/mipt-ml-async	async.yaml	https://github.com/mishasdk/mipt-ml-async/blob/072e1725683f337393f8b018f99c1f4b85c8618b/async.yaml
eclipse-symphony/symphony	api/pkg/apis/v1alpha1/providers/target/rust/rust_providers/uprotocol/uservice/asyncapi.yaml	https://github.com/eclipse-symphony/symphony/blob/bba8a11da0fe8f02662f6e15dc4c2e973383fe62/api/pkg/apis/v1alpha1/providers/target/rust/rust_providers/uprotocol/uservice/asyncapi.yaml
Ihor-Mykytiuk/software-architecture	UserService/asyncapi.yaml	https://github.com/Ihor-Mykytiuk/software-architecture/blob/cf08b45cf7b65390549815076b39f0d249c967ff/UserService/asyncapi.yaml
notnullptr-gh/architechture-sprint-3	telemetry-manager-service/telemetry-manager-api.yaml	https://github.com/notnullptr-gh/architechture-sprint-3/blob/e434e20e57a6dd83133fbf1d7388cf10fcb72a61/telemetry-manager-service/telemetry-manager-api.yaml
IATI/iati-message-queue-service	specification/iati-data-downloader.yaml	https://github.com/IATI/iati-message-queue-service/blob/adb2bf71967510e47011311c1b1cd44aff857872/specification/iati-data-downloader.yaml
dmytmeln/SoftwareArchitecure	docs/PaymentService/AsyncAPI.yaml	https://github.com/dmytmeln/SoftwareArchitecure/blob/ac087a8bb3c2f080f251da56ce974c61f9cbf595/docs/PaymentService/AsyncAPI.yaml
marle3003/mokapi	acceptance/petstore/petstore-3.0.yaml	https://github.com/marle3003/mokapi/blob/a742cadbbd68b84c1c2524924261f980778ee4ce/acceptance/petstore/petstore-3.0.yaml
takeruun/ws-ts-gen	example/example.yaml	https://github.com/takeruun/ws-ts-gen/blob/cb7b7a663e20c4b089df44f67fde57c7622fd9c8/example/example.yaml
meteatamel/asyncapi-basics	samples/account-email-services/account-service-3.0.yaml	https://github.com/meteatamel/asyncapi-basics/blob/3372d7a4d4d6cf548ed4780e4901e5425fdd2dcf/samples/account-email-services/account-service-3.0.yaml
jardelva96/Orqupay	contracts/asyncapi/payment-events.v1.yaml	https://github.com/jardelva96/Orqupay/blob/efc7c4a8b85d41af35751bf18804aa060361af74/contracts/asyncapi/payment-events.v1.yaml
darken33/design-first-allinone	demo/hello/hello-receiver/target/classes/model/hello-asyncapi-3-full.yaml	https://github.com/darken33/design-first-allinone/blob/18bac25710912f4256c37efac21e54600dd376fd/demo/hello/hello-receiver/target/classes/model/hello-asyncapi-3-full.yaml
barrynauta/simpl-repo-tryout	administration/notification-and-messaging/notification/notification-service/api/asyncapi-v1.yaml	https://github.com/barrynauta/simpl-repo-tryout/blob/43757661440c2e2d822c9eea91b62fdefcbc201a/administration/notification-and-messaging/notification/notification-service/api/asyncapi-v1.yaml
medmo/backstage-templates	ft-catalog-generated/asyncapi-producer-notification-activite-certifie.yaml	https://github.com/medmo/backstage-templates/blob/035018e2f9e76dec849187c6dd0c9638b777f835/ft-catalog-generated/asyncapi-producer-notification-activite-certifie.yaml
tanagraspace/ccsds-mo-to-asyncapi	yaml/Software-Management/CommandExecutor.yaml	https://github.com/tanagraspace/ccsds-mo-to-asyncapi/blob/85d0b9d36a0477b3d6d94f4c27e06d4c90b1cb5b/yaml/Software-Management/CommandExecutor.yaml
fedykvitalik2004/library-notification-service	src/main/resources/notification-asyncapi.yaml	https://github.com/fedykvitalik2004/library-notification-service/blob/7f0500a45344251a942ff69d76f65dc9f4803b2f/src/main/resources/notification-asyncapi.yaml
spbu-ds-practicum-2025/example-project	api-examples/async/account_operations.yaml	https://github.com/spbu-ds-practicum-2025/example-project/blob/d4cbce772c5d1cb24269ed5761b60df92c0a3c09/api-examples/async/account_operations.yaml
epieczko/betty	specs/user-service.asyncapi.yaml	https://github.com/epieczko/betty/blob/bd9e666a322a966b669658644727cef13ff4f2e7/specs/user-service.asyncapi.yaml
fernandoeqc/log_stream	docs/asyncapi-base.yaml	https://github.com/fernandoeqc/log_stream/blob/717d525ee39572186d51192d6371a45e85e47d4c/docs/asyncapi-base.yaml
salaboy/spring-io-2026-workshop	shipping-asyncapi-1.0.0.yaml	https://github.com/salaboy/spring-io-2026-workshop/blob/efd006d9feee07198ba1c67ff7f9be322b48f5f3/shipping-asyncapi-1.0.0.yaml
vivekjava/Spring-Boot-Rest	docs/async.yaml	https://github.com/vivekjava/Spring-Boot-Rest/blob/f15174ef539db73a903c42a23818363c77de4de0/docs/async.yaml
ancoleman/ai-design-components	skills/designing-apis/examples/asyncapi/order-events.yaml	https://github.com/ancoleman/ai-design-components/blob/76551b7b19ebc667764ec75da14990d0aef8b6e5/skills/designing-apis/examples/asyncapi/order-events.yaml
ff-fab/cosalette-apps	apps/gas2mqtt/docs/schema.yaml	https://github.com/ff-fab/cosalette-apps/blob/66582a29e834b55a672049aacb427fa5deca8e5c/apps/gas2mqtt/docs/schema.yaml
monghithub/serialplab	asyncapi/nats.asyncapi.yaml	https://github.com/monghithub/serialplab/blob/83eccdaa32fa41a3badbd5c40f497d5cc367f0c2/asyncapi/nats.asyncapi.yaml
nba-amtgroup/4424rr-2	src/mqtt/PLC_data_structure.yaml	https://github.com/nba-amtgroup/4424rr-2/blob/7e7ca283f738821d5e566a0d070265f200cf9582/src/mqtt/PLC_data_structure.yaml
pagopa/pn-paper-tracker	docs/asyncapi/external-datalake-v1.yaml	https://github.com/pagopa/pn-paper-tracker/blob/aea7eb3d7bb33e9d18feec39bea94871656f6a4f/docs/asyncapi/external-datalake-v1.yaml
specmatic/specmatic-arazzo-openapi-asyncapi-sample	specifications/asyncapi/order.yaml	https://github.com/specmatic/specmatic-arazzo-openapi-asyncapi-sample/blob/19f26094de2b1585803e9ae60bb3c660c7bebc57/specifications/asyncapi/order.yaml
Karfev/Product-base-Spec-Kit	initiatives/{INIT-YYYY-NNN-slug}/contracts/asyncapi.yaml	https://github.com/Karfev/Product-base-Spec-Kit/blob/d914c2278bf3b987c088f44d6bd75abdb0753de0/initiatives/%7BINIT-YYYY-NNN-slug%7D/contracts/asyncapi.yaml
Kambolo/Picksy	backend/decision-service/src/main/resources/asyncapi/decision-service.yaml	https://github.com/Kambolo/Picksy/blob/5a1361ccce45342a2ed8eae8165d72b54b8f2418/backend/decision-service/src/main/resources/asyncapi/decision-service.yaml
WebSecDetectives/fluffy-plushies-webshop	Documentation/integration_contract_email_service.yaml	https://github.com/WebSecDetectives/fluffy-plushies-webshop/blob/ad2b272012808a3e459b45fc431dc80e95583b23/Documentation/integration_contract_email_service.yaml
Yeusepe/cdngine	contracts/asyncapi/lifecycle.asyncapi.yaml	https://github.com/Yeusepe/cdngine/blob/611944c33ba05b6ea86521b452e60b58ed252da7/contracts/asyncapi/lifecycle.asyncapi.yaml
specmatic/labs	arazzo-workflow-testing/specs/asyncapi/order.yaml	https://github.com/specmatic/labs/blob/3fe85346d0c5babc7ebec35dc37fffe1817b5705/arazzo-workflow-testing/specs/asyncapi/order.yaml
CardinalWave/cw-mqtt-gateway	api.yaml	https://github.com/CardinalWave/cw-mqtt-gateway/blob/7aad1501b9a229e730863aeba1f180dbb82834ea/api.yaml
AndreiBacs/EchipaMea	docs/websockets-asyncapi-draft.yaml	https://github.com/AndreiBacs/EchipaMea/blob/b915f6bb86075ad72f542177a26daf5ff9ec598a/docs/websockets-asyncapi-draft.yaml
whitebit-exchange/docs	asyncapi/private/authorize.yaml	https://github.com/whitebit-exchange/docs/blob/5072a6eb16c85d54d0af1c58944030c06910c264/asyncapi/private/authorize.yaml
dalsgaard/account-service	asyncapi/account.aas.yaml	https://github.com/dalsgaard/account-service/blob/62465daafbfd52684f897b8e84e6771b87b6fa44/asyncapi/account.aas.yaml
nguyenvinhhuy/microservice-platform	docs/services/dlq-replayer-service/events/dlq-replayer-events.yaml	https://github.com/nguyenvinhhuy/microservice-platform/blob/8a33b6ca891d551a21417ec7d69b31740e3955ab/docs/services/dlq-replayer-service/events/dlq-replayer-events.yaml
fraunhoferfokus/dredger-todos	AsyncAPI.yaml	https://github.com/fraunhoferfokus/dredger-todos/blob/77bed184dd16f74a4b31276c39db2bb5805d57d6/AsyncAPI.yaml
alexandre-touret/api-first-workshop	src/main/resources/asyncapi/supplychain-asyncapi.yaml	https://github.com/alexandre-touret/api-first-workshop/blob/8c2f168a0b0b626208a25c3cfe4684b41139ad43/src/main/resources/asyncapi/supplychain-asyncapi.yaml
dalsgaard/asyncapi-template	examples/account.aas.yaml	https://github.com/dalsgaard/asyncapi-template/blob/c8ba99defda2c12547944b416a0cbf175f09e7b9/examples/account.aas.yaml
aklivity/todo-service	src/main/api/todo-service-asyncapi-v3.yaml	https://github.com/aklivity/todo-service/blob/2579db5d0647618540284529c8b190c3e689e64b/src/main/api/todo-service-asyncapi-v3.yaml
marle3003/mokapi-kafka-workflow	mocks/kafka.yaml	https://github.com/marle3003/mokapi-kafka-workflow/blob/102e4327682b0be6f24f141ebdb2234e4c2d456b/mocks/kafka.yaml
Khrisseh1995/event-catalogue-test-2	catalog/domains/Orders/services/OrdersService/order-service-asyncapi.yaml	https://github.com/Khrisseh1995/event-catalogue-test-2/blob/82bd5c23ddac53303068a6a357b875acd50c34b1/catalog/domains/Orders/services/OrdersService/order-service-asyncapi.yaml
rock-hu/architecture-catalog	.eventcatalog-core/public/generated/services/OrdersService/versioned/0.0.2/order-service-asyncapi.yaml	https://github.com/rock-hu/architecture-catalog/blob/08f57e31931e28e69b5ed595dda6e632b1bbcc08/.eventcatalog-core/public/generated/services/OrdersService/versioned/0.0.2/order-service-asyncapi.yaml
peterjaberau/mock-data	src/apps/eventcatalog/generated/services/OrdersService/order-service-asyncapi.yaml	https://github.com/peterjaberau/mock-data/blob/84714caf57b05402491b4ec23d20118b9789f24d/src/apps/eventcatalog/generated/services/OrdersService/order-service-asyncapi.yaml
Opzet/EFDesignerExamples	EDA_Core/Default Example/Order Inventory Management/Document/my-event-catalog/domains/Orders/services/OrdersService/versioned/0.0.2/order-service-asyncapi.yaml	https://github.com/Opzet/EFDesignerExamples/blob/240662a2d6947297ad6e2c77773162ee5bf0c939/EDA_Core/Default%20Example/Order%20Inventory%20Management/Document/my-event-catalog/domains/Orders/services/OrdersService/versioned/0.0.2/order-service-asyncapi.yaml
thealmikey/zilla-kt	specs/binding-asyncapi.spec/src/main/scripts/io/aklivity/zilla/specs/binding/asyncapi/config/client.mqtt.secure.yaml	https://github.com/thealmikey/zilla-kt/blob/7f9dc7b14d4ee5ab9b23b4f1a3031e1e88896d02/specs/binding-asyncapi.spec/src/main/scripts/io/aklivity/zilla/specs/binding/asyncapi/config/client.mqtt.secure.yaml
fedykvitalik2004/library-user-service	src/main/resources/notification-asyncapi.yaml	https://github.com/fedykvitalik2004/library-user-service/blob/1476f6fb4ff42083b5d52f5b26e57574540a301b/src/main/resources/notification-asyncapi.yaml
fedykvitalik2004/library-book-service	src/main/resources/notification-asyncapi.yaml	https://github.com/fedykvitalik2004/library-book-service/blob/d23222b6da383edf411e823ff80386db041b8deb/src/main/resources/notification-asyncapi.yaml
hongmaple0820/agent-academy	skills/design/designing-apis/examples/asyncapi/order-events.yaml	https://github.com/hongmaple0820/agent-academy/blob/1310a81f408946133f926ff9d3efe9cf9b92bf5c/skills/design/designing-apis/examples/asyncapi/order-events.yaml
piedraprog/unified-personal-skills	backend/designing-apis/examples/asyncapi/order-events.yaml	https://github.com/piedraprog/unified-personal-skills/blob/227a9c5b3ca6bbeb0d95d69743f0da8feb226e39/backend/designing-apis/examples/asyncapi/order-events.yaml
masermediagroup-stack/CursorSkills	skills-bundle/skills/community/ai-design-components/skills/designing-apis/examples/asyncapi/order-events.yaml	https://github.com/masermediagroup-stack/CursorSkills/blob/adf79c6cec723c9c1965b617e0ee38a6447218ba/skills-bundle/skills/community/ai-design-components/skills/designing-apis/examples/asyncapi/order-events.yaml
DLShomies/FluffyPlushiesWebShop	Documentation/integration_contract_email_service.yaml	https://github.com/DLShomies/FluffyPlushiesWebShop/blob/e31e688eae303879bf26bfbbc5e62f1ccd4a9b46/Documentation/integration_contract_email_service.yaml
dalsgaard/account-service-local	asyncapi/account.aas.yaml	https://github.com/dalsgaard/account-service-local/blob/70584b1d9859d96eec508a887a0cc418adfced68/asyncapi/account.aas.yaml
icanbwell/fhir-server	src/operations/export/asyncapi.yaml	https://github.com/icanbwell/fhir-server/blob/0ad698c060f5029a714948c42315df40bb0b4b5d/src/operations/export/asyncapi.yaml
DataDog/stickerlandia	user-management/docs/async_api.yaml	https://github.com/DataDog/stickerlandia/blob/ef2686550058215cba4189352b9289ff8acff8da/user-management/docs/async_api.yaml
IMAGINARY/track-n-truck	specs/asyncapi.yaml	https://github.com/IMAGINARY/track-n-truck/blob/a5ae549ea00cfa7baaa714f0e963e0efcfd1b770/specs/asyncapi.yaml
fraunhoferfokus/dredger	examples/weather-example/secondasync.yaml	https://github.com/fraunhoferfokus/dredger/blob/553c42bece2f3078036708df717913b41b6fe299/examples/weather-example/secondasync.yaml
dimonoff/asyncapi-codegen	async-api.yaml	https://github.com/dimonoff/asyncapi-codegen/blob/cd9302f8cc375019e54b9b61072db7866dba1384/async-api.yaml
tassosgomes/poc-event-system	eventcatalog/specs/video-enricher/asyncapi.yaml	https://github.com/tassosgomes/poc-event-system/blob/0d9fc30fc67cb39b98c39be9e15a1a169f4dadf1/eventcatalog/specs/video-enricher/asyncapi.yaml
joemphilips/bitCaster	BitCaster.MatchingEngine.Contracts/specs/asyncapi.yaml	https://github.com/joemphilips/bitCaster/blob/58dbe1a7016fd6976433d678e247a0ca755dd5ac/BitCaster.MatchingEngine.Contracts/specs/asyncapi.yaml
siom79/jasyncapicmp	jasyncapicmp/src/test/resources/new_3.0.0.yaml	https://github.com/siom79/jasyncapicmp/blob/0f29b80cfd78db3acbc6dadc3dc0103c08962f9a/jasyncapicmp/src/test/resources/new_3.0.0.yaml
Souvikns/pokemon-trade-api	asyncapi.yaml	https://github.com/Souvikns/pokemon-trade-api/blob/136f8dc429121e6008003632324a1c1c3b946f2d/asyncapi.yaml
microcks/microcks	minions/async/src/test/resources/io/github/microcks/minion/async/send-message-asyncapi-3.0.yaml	https://github.com/microcks/microcks/blob/aeaf66132d0fb6b7a4bdfec571d464d3384916a1/minions/async/src/test/resources/io/github/microcks/minion/async/send-message-asyncapi-3.0.yaml
qoretechnologies/qore	examples/test/qlib/AsyncApi/ChatApi.asyncapi.yaml	https://github.com/qoretechnologies/qore/blob/acf63e3562a5fec954fed8106ab435171262aa8b/examples/test/qlib/AsyncApi/ChatApi.asyncapi.yaml
adhitiad/quantsync	asyncapi.yaml	https://github.com/adhitiad/quantsync/blob/00b69f86f9bcc77c8b13b6531b4c3db4ac66b7d1/asyncapi.yaml
ducbrick/real-time-messaging-api	asyncapi.yaml	https://github.com/ducbrick/real-time-messaging-api/blob/a567bee1db9f1611c28f27dd747e042fc9c43b4e/asyncapi.yaml
daniellmorris/EnvarynAI	backend/packages/services/transcriber-worker/asyncapi.yaml	https://github.com/daniellmorris/EnvarynAI/blob/8c1e2226754d8ac22dacbceffad4b2d84bef64c3/backend/packages/services/transcriber-worker/asyncapi.yaml
ChargeAndTrack/backend-spe	docs/assets/asyncapi.yaml	https://github.com/ChargeAndTrack/backend-spe/blob/836ca2290c549859ae8ad44301604fc0ee0e4f8d/docs/assets/asyncapi.yaml
freaz/eventcatalog-bug-reporting	asyncapi.yaml	https://github.com/freaz/eventcatalog-bug-reporting/blob/098ab47ad1576e5f402f7afebfba04da0d40dd3e/asyncapi.yaml
XaaXaaX/eventcatalog-automation	specs/Order/2.0.0/asyncapi.yaml	https://github.com/XaaXaaX/eventcatalog-automation/blob/d96efa5162253285be8b5de35d585b037c2366bd/specs/Order/2.0.0/asyncapi.yaml
StepanNazar/city-report-ai-assistance-service	docs/asyncapi.yaml	https://github.com/StepanNazar/city-report-ai-assistance-service/blob/be0cfc1a91d827e1f10eac366de4959a1f242435/docs/asyncapi.yaml
openagents-org/openagents	sdk/examples/test_configs/mcp_tools_test/events/task_events.yaml	https://github.com/openagents-org/openagents/blob/6ca378be02b64cfcc9697ad448c034d283c35251/sdk/examples/test_configs/mcp_tools_test/events/task_events.yaml
apiaddicts/sonar-asyncapi	asyncapi-checks/src/test/resources/checks/v4/summary-capital-v3.yaml	https://github.com/apiaddicts/sonar-asyncapi/blob/c9bcd7a658b836fb8c570196bd2007df6c0a23e8/asyncapi-checks/src/test/resources/checks/v4/summary-capital-v3.yaml
udamir/api-ref-bundler	test/specs/asyncapi-v3-traits-bindings/main.yaml	https://github.com/udamir/api-ref-bundler/blob/c8d09a9acaa58c16b61760dc081e2bdec51bb55d/test/specs/asyncapi-v3-traits-bindings/main.yaml
KTCrisis/event7	backend/tests/fixtures/asyncapi_import/02_kafka_rns.yaml	https://github.com/KTCrisis/event7/blob/fe4a0dd68f515ee358c27bb53a043d0e97d6a733/backend/tests/fixtures/asyncapi_import/02_kafka_rns.yaml
darken33/connaissance-client	connaissance-client-event-adapter/src/main/resources/adresse-asyncapi-3.yaml	https://github.com/darken33/connaissance-client/blob/968377419210af80c45574f9fcee9e0ee6415578/connaissance-client-event-adapter/src/main/resources/adresse-asyncapi-3.yaml
siom79/jopenapicmp	jopenapicmp/src/test/resources/new_3.0.0.yaml	https://github.com/siom79/jopenapicmp/blob/d050f2266c0994172bcfd709df0d27ac2a63f2ff/jopenapicmp/src/test/resources/new_3.0.0.yaml
WebFuzzing/Dataset	jdk_21_maven/cs/rest-gui/microcks/minions/async/src/test/resources/io/github/microcks/minion/async/send-message-asyncapi-3.0.yaml	https://github.com/WebFuzzing/Dataset/blob/915859080da033fc36feae54bab3ad4a7b04e872/jdk_21_maven/cs/rest-gui/microcks/minions/async/src/test/resources/io/github/microcks/minion/async/send-message-asyncapi-3.0.yaml
tenacious89/open_agent_hackathon	examples/test_configs/mcp_tools_test/events/task_events.yaml	https://github.com/tenacious89/open_agent_hackathon/blob/a5a120c37089430f1dd8988ebd42fd028eebb42f/examples/test_configs/mcp_tools_test/events/task_events.yaml
exploding-CATs-42/ft_transcendence	backend/docs/sockets/asyncapi.yaml	https://github.com/exploding-CATs-42/ft_transcendence/blob/c707cd28c588ae68b47f265b15621da2f617a5a4/backend/docs/sockets/asyncapi.yaml
pokerjocke70/cds-poc	src/main/resources/asyncapi.yaml	https://github.com/pokerjocke70/cds-poc/blob/1c8b5118a0e7136dadcb757fdc334ff3a269b8c3/src/main/resources/asyncapi.yaml
boyney123/my-eventcatalog	domains/Orders/services/OrdersService/order-service-asyncapi.yaml	https://github.com/boyney123/my-eventcatalog/blob/fdd2ea58888c6ab7c0e42996220ff64f46cda2c8/domains/Orders/services/OrdersService/order-service-asyncapi.yaml
ngscheurich/elixirconf-eu-2024	asyncapi.yaml	https://github.com/ngscheurich/elixirconf-eu-2024/blob/b3119d8a4534ebe937eeee968d68d06c06d5ffa8/asyncapi.yaml
mayankshouche/docs	asyncapi.yaml	https://github.com/mayankshouche/docs/blob/f906f6a12e7a98b745a4473ede3ea6db884bb739/asyncapi.yaml
GitEngHar/pointservice	asyncapi/asyncapi-v3.yaml	https://github.com/GitEngHar/pointservice/blob/93e94bf6f098b9e318b214c1f0c290ab18921717/asyncapi/asyncapi-v3.yaml
dlopezby93/digital-femsa-gaia	asyncapi.yaml	https://github.com/dlopezby93/digital-femsa-gaia/blob/0c839a4d6b3d84b9f287458ef9319c9a6a62bd14/asyncapi.yaml
AceTheCreator/eda-workshops	eda-workshops/canva-collaboration/server/asyncapi.yaml	https://github.com/AceTheCreator/eda-workshops/blob/49c321ac172ead36b736ae8fe93dd76271291237/eda-workshops/canva-collaboration/server/asyncapi.yaml
Forsakringskassan/rimfrost-service-oul-asyncapi	asyncapi.yaml	https://github.com/Forsakringskassan/rimfrost-service-oul-asyncapi/blob/209cc7b5103fc7db36962b80345624c9327d99e3/asyncapi.yaml
gopal45656/everest-core-release	doc/everest_api_specs/auth_token_provider_API/asyncapi.yaml	https://github.com/gopal45656/everest-core-release/blob/ae172981e2126608363a4c24c81679c8574d3417/doc/everest_api_specs/auth_token_provider_API/asyncapi.yaml
stojkovic-a/IOT-Project-2	Analytics/Analytics/asyncapi.yaml	https://github.com/stojkovic-a/IOT-Project-2/blob/ec9477f2b91b894a9acc511b7bf274869f4b72ae/Analytics/Analytics/asyncapi.yaml
sarkr72/practice	src/main/resources/asyncapi.yaml	https://github.com/sarkr72/practice/blob/3cb1f7de346b441c3a82e7c7450980efeb7f37e2/src/main/resources/asyncapi.yaml
nezia1/missive-documentation	docs/assets/asyncapi.yaml	https://github.com/nezia1/missive-documentation/blob/8da6b79590a6154c8799ec3ac6412e97e72a797a/docs/assets/asyncapi.yaml
joserprieto/ai-skills	skills/contract-first-clean-arch/examples/contracts/specs/asyncapi.yaml	https://github.com/joserprieto/ai-skills/blob/7530aed9493a1983d50f840575df76b326cbeb53/skills/contract-first-clean-arch/examples/contracts/specs/asyncapi.yaml
jonathaneichenhofer/workshop-eric	Task/asyncapi.yaml	https://github.com/jonathaneichenhofer/workshop-eric/blob/5538d45fd3aee3f381953c5f1cfed8cc17bb87fb/Task/asyncapi.yaml
ingka-group/asyncapi-payload-validator	tests/test-files/asyncapi-3.0-spec.yaml	https://github.com/ingka-group/asyncapi-payload-validator/blob/81e83261ed17a5bd6fa9342e142c3c3bdeb63a85/tests/test-files/asyncapi-3.0-spec.yaml
Matusko/flea	libs/flea/asyncapi-generator-typescript-cdk-event-bridge/src/lib/test-fixtures/test-payment-asyncapi.yaml	https://github.com/Matusko/flea/blob/aa2ee94afeb14ebe06b9ff83f5fb8e1610bbb7ae/libs/flea/asyncapi-generator-typescript-cdk-event-bridge/src/lib/test-fixtures/test-payment-asyncapi.yaml
Kuestenlogik/Bowire	tests/Kuestenlogik.Bowire.AsyncApi.Tests/TestData/smart-home-mqtt.asyncapi.yaml	https://github.com/Kuestenlogik/Bowire/blob/ea1f3145995aa0a569146df5d6196dd323630774/tests/Kuestenlogik.Bowire.AsyncApi.Tests/TestData/smart-home-mqtt.asyncapi.yaml
codemonstersteam/pinout-asyncapi	testdata/contract_validator/consumer_multiple_channels.yaml	https://github.com/codemonstersteam/pinout-asyncapi/blob/d370f39e352b4a1a6a41c4f6e0ff56d9a14103dd/testdata/contract_validator/consumer_multiple_channels.yaml
amer8/apibconv	test/integration/testdata/valid/notifications-asyncapi-v3.yaml	https://github.com/amer8/apibconv/blob/778ff8f55e617e90d69b8b7fff8ec38217892860/test/integration/testdata/valid/notifications-asyncapi-v3.yaml
boyney123/starter-catalog	domains/Orders/services/OrdersService/order-service-asyncapi.yaml	https://github.com/boyney123/starter-catalog/blob/bcfa53e1beec8fcf71627a4b40c33011bc1573d2/domains/Orders/services/OrdersService/order-service-asyncapi.yaml
event-catalog/generators	packages/generator-ai/src/test/catalog/domains/Orders/services/OrdersService/order-service-asyncapi.yaml	https://github.com/event-catalog/generators/blob/50f91edd25971318e31e5b93968fe6593c8be781/packages/generator-ai/src/test/catalog/domains/Orders/services/OrdersService/order-service-asyncapi.yaml
stojkovic-a/IOT-project-3	Sensor/sensor/asyncapi.yaml	https://github.com/stojkovic-a/IOT-project-3/blob/11f006e92273b712bf86b86961867089fbbd2f12/Sensor/sensor/asyncapi.yaml
salaboy/spring-ai-agentic-webinar	store/src/test/resources/shipping-asyncapi-1.0.0.yaml	https://github.com/salaboy/spring-ai-agentic-webinar/blob/88a0877c131ce3b5714adb68eef68ce00abe663e/store/src/test/resources/shipping-asyncapi-1.0.0.yaml
codemonstersteam/mq-rest-sync-adapter	contract-tests-v2/testdata/contract_validator/consumer_multiple_channels.yaml	https://github.com/codemonstersteam/mq-rest-sync-adapter/blob/accc30f8d2f8cb97e4eff7d969bee81aacb58b2f/contract-tests-v2/testdata/contract_validator/consumer_multiple_channels.yaml
intent-driven-dev/openspec-schemas	openspec/schemas/event-driven/templates/asyncapi.yaml	https://github.com/intent-driven-dev/openspec-schemas/blob/7cff0a6210714631baceee1e8effc58c18d5f107/openspec/schemas/event-driven/templates/asyncapi.yaml
hahnbeelee/docs-michal	asyncapi.yaml	https://github.com/hahnbeelee/docs-michal/blob/80399667acac67f0b2aa031db7fa770390ca695e/asyncapi.yaml
codebricks-tech/taskbricks	Taskbricks/Task/asyncapi.yaml	https://github.com/codebricks-tech/taskbricks/blob/e2dcafb5aea01a49d3a8cdfb57a521ae0a2887c8/Taskbricks/Task/asyncapi.yaml
akash-mondal/mintlify-docs	.agents/skills/mintlify/asyncapi.yaml	https://github.com/akash-mondal/mintlify-docs/blob/a79181a6968c4db07ea057b8c44e97d4635c947c/.agents/skills/mintlify/asyncapi.yaml
socrateasehq/autoproctor-mintlify-docs	.agents/skills/mintlify/asyncapi.yaml	https://github.com/socrateasehq/autoproctor-mintlify-docs/blob/69abf5e7e940c6ec3c0755af17a128c321515373/.agents/skills/mintlify/asyncapi.yaml
CryptoSmartNow/bizmarket-docs	.agents/skills/mintlify/asyncapi.yaml	https://github.com/CryptoSmartNow/bizmarket-docs/blob/3deaa3f46b18445903f0fbd6415a1140034f3bb7/.agents/skills/mintlify/asyncapi.yaml
gocobalt/mintlify-docs	.agents/skills/mintlify/asyncapi.yaml	https://github.com/gocobalt/mintlify-docs/blob/a353603ff2709cbe5d0ec34ed4121735bd3f004d/.agents/skills/mintlify/asyncapi.yaml
asyncapi/website	public/resources/casestudies/hdi/asyncapi.yaml	https://github.com/asyncapi/website/blob/5d2d0f83d35c506453f9859ee44f18f765d46a3f/public/resources/casestudies/hdi/asyncapi.yaml
asyncapi/optimizer	examples/input.yaml	https://github.com/asyncapi/optimizer/blob/ff937d38812bc3b00c4592ee695d94c83b55cbf2/examples/input.yaml
RobinTail/zod-sockets	example/example-documentation.yaml	https://github.com/RobinTail/zod-sockets/blob/ca15aaae54018e49db97496eccacf488731ae78b/example/example-documentation.yaml
codex-k8s/kodex	specs/asyncapi/provider-hub.v1.yaml	https://github.com/codex-k8s/kodex/blob/6ee7c5062210d06e893448e4196c62cf7739f17a/specs/asyncapi/provider-hub.v1.yaml
nivoragit/authord-mkdocs	specs/001-mkdocs-topic-tree/contracts/topic-tree-events.asyncapi.yaml	https://github.com/nivoragit/authord-mkdocs/blob/ea8f20da3787052811c5bb7a5cce6ad8add14218/specs/001-mkdocs-topic-tree/contracts/topic-tree-events.asyncapi.yaml
helius-labs/docs	asyncapi/laserstream-websocket.yaml	https://github.com/helius-labs/docs/blob/43cd5babd7804a23e4394c82ba0277dd400c9a81/asyncapi/laserstream-websocket.yaml
ProsusAI/agentic-services-protocol	spec/services/live_services/asyncapi.yaml	https://github.com/ProsusAI/agentic-services-protocol/blob/9f4c889e55d71d5270ea1037e09e65a283dbbd94/spec/services/live_services/asyncapi.yaml
factory-x-contributions/async-aas-helm	specs/asyncapi_spec_aas.yaml	https://github.com/factory-x-contributions/async-aas-helm/blob/ce53ef310bfb000de4651a659feebb44435789cf/specs/asyncapi_spec_aas.yaml
yojo-generator/generator	examples/async-api-official-v3.0.yaml	https://github.com/yojo-generator/generator/blob/a272ab2f8e1c1a58c56d709e41d4ee2cb76e5fdd/examples/async-api-official-v3.0.yaml
knowmadmood-poc-rhdevhub/backstage	packages/catalog-model/examples/apis/streetlights-api.yaml	https://github.com/knowmadmood-poc-rhdevhub/backstage/blob/8bafb9221fb5214fd71ddde3a8616d4872e50d24/packages/catalog-model/examples/apis/streetlights-api.yaml
bian-official/public	release13.0.0/semantic-apis/asyncapi-3.x/yamls/PartyRoutingProfile.yaml	https://github.com/bian-official/public/blob/b58bf4c2c300dd018afc084e9bb24b7adaaa3500/release13.0.0/semantic-apis/asyncapi-3.x/yamls/PartyRoutingProfile.yaml
mindwm/mindwm-api	generated/asyncapi/asyncapi.yaml	https://github.com/mindwm/mindwm-api/blob/48c5781d55887df2bbda0a0c77b6b273ba160b2a/generated/asyncapi/asyncapi.yaml
Kamuyin/schachroboter	asyncapi.yaml	https://github.com/Kamuyin/schachroboter/blob/645ad03b900492b1851d84fff0ce835801bd9164/asyncapi.yaml
jamescarr/jetstream-messaging	docs/asyncapi.yaml	https://github.com/jamescarr/jetstream-messaging/blob/eba0156fbc9c9a3f5c12685c50ab0d2449389fb2/docs/asyncapi.yaml
paddypawprints/VLMChat	shared/specs/asyncapi-mqtt.yaml	https://github.com/paddypawprints/VLMChat/blob/8ef703d9e0b8453dce0310278b9942c6a08f0ab0/shared/specs/asyncapi-mqtt.yaml
specmatic/specmatic-order-contracts	io/specmatic/examples/store/asyncapi/3_0_0/order_service_async_v3.yaml	https://github.com/specmatic/specmatic-order-contracts/blob/f904f86dce562c43afa70f6e9573440b76469cc9/io/specmatic/examples/store/asyncapi/3_0_0/order_service_async_v3.yaml
Grinseteddy/DomainDrivenApiDesign	AsyncOnTourParis-2024-10-30/claude-task-management-asyncapi.yaml	https://github.com/Grinseteddy/DomainDrivenApiDesign/blob/9871ccda8aa410d19d3fd1189e12dd82068fb8e6/AsyncOnTourParis-2024-10-30/claude-task-management-asyncapi.yaml
quenbyako/asyncapi-example	asyncapi.3.yaml	https://github.com/quenbyako/asyncapi-example/blob/9e65471924f5374ac4d1ab078925214038e2ae2c/asyncapi.3.yaml
jijingkun-commits/fastapi	contracts/api/streaming-events.asyncapi.yaml	https://github.com/jijingkun-commits/fastapi/blob/21d03858f4c4be97b1feaa9e948ca3c5bf3e8357/contracts/api/streaming-events.asyncapi.yaml
sap-2025-2026/lab-activity-10	ttt-game-service/doc/async-api-spec.yaml	https://github.com/sap-2025-2026/lab-activity-10/blob/fbc9d3a076ddf7645de3dd0874b41f1f21a153b7/ttt-game-service/doc/async-api-spec.yaml
rafaelgpimenta/go-base-project	docs/asyncapi/spec.yaml	https://github.com/rafaelgpimenta/go-base-project/blob/f2b58757c6be52275edd9d0d9f09fc7996f83670/docs/asyncapi/spec.yaml
acdgbrasil/contracts	services/social-care/asyncapi/asyncapi.yaml	https://github.com/acdgbrasil/contracts/blob/b3df049310b90144a1b0e6181ec0f5f8650f6de8/services/social-care/asyncapi/asyncapi.yaml
parmendes/MessageBrokerExample	Example/samples/StreetLightsApi/asyncapi/light-measurement-api-v3_1.0.0.yaml	https://github.com/parmendes/MessageBrokerExample/blob/dd96699f729358958ce57c8075d79d3bac3ca0d0/Example/samples/StreetLightsApi/asyncapi/light-measurement-api-v3_1.0.0.yaml
NUWCDIVNPT/stig-manager	api/source/specification/log-socket.yaml	https://github.com/NUWCDIVNPT/stig-manager/blob/9d4f2989b867b1f76ef0a7f3ba76bfebe8df4904/api/source/specification/log-socket.yaml
flamewow/nestjs-asyncapi	misc/references/ref.yaml	https://github.com/flamewow/nestjs-asyncapi/blob/5c140a8e2a3c6219c1d745571b97fa2d1f9a1f0b/misc/references/ref.yaml
JannikAlx/kafkaProducer	asyncapi/mine-asyncapi.yaml	https://github.com/JannikAlx/kafkaProducer/blob/268cdc7e344a5ab2c1556e2d0d417adfc07b5e3f/asyncapi/mine-asyncapi.yaml
underpass-ai/underpass-runtime	api/asyncapi/learning-events.v1.yaml	https://github.com/underpass-ai/underpass-runtime/blob/08c3d923a6043eed057ed8231f56f8348e2695b3/api/asyncapi/learning-events.v1.yaml
BackendFans83/Taxi	ride_service/docs/asyncapi.yaml	https://github.com/BackendFans83/Taxi/blob/c359adf707189ced976bbfe279cbefbd4307c781/ride_service/docs/asyncapi.yaml
yonatangross/orchestkit	src/skills/api-design/assets/asyncapi-template.yaml	https://github.com/yonatangross/orchestkit/blob/cb7113f7e2f783f59730a121cf2e1449dd69060a/src/skills/api-design/assets/asyncapi-template.yaml
motor-screwdriver/mts-true-tech-hack-26	contracts/specs/collab-websocket.asyncapi.yaml	https://github.com/motor-screwdriver/mts-true-tech-hack-26/blob/5aa5ce84367358f91bd7935198f3612a9a0dfd13/contracts/specs/collab-websocket.asyncapi.yaml
MathTrail/contracts	asyncapi/mathtrail-events.yaml	https://github.com/MathTrail/contracts/blob/b2be31ecc0c6e79f8466e1c98f3fe0df06356524/asyncapi/mathtrail-events.yaml
Wavix/wavix-openapi	docs/wavix-asyncapi.yaml	https://github.com/Wavix/wavix-openapi/blob/9d2f8830f2a415442874a0ede72d1f6518e65774/docs/wavix-asyncapi.yaml
RafaelAlmeida00/Plant-Simulador	src/adapters/http/asyncapi.yaml	https://github.com/RafaelAlmeida00/Plant-Simulador/blob/520e6551ff2adba74411c54887ce29fd383f9616/src/adapters/http/asyncapi.yaml
cjjohansen/eventcatalog-examples	provider-role-example/asyncapi-files/logistics-warehouse-inventory-service-async-api.yaml	https://github.com/cjjohansen/eventcatalog-examples/blob/8d1882219c097d7f15dab831101614ab3c507f96/provider-role-example/asyncapi-files/logistics-warehouse-inventory-service-async-api.yaml
Grinseteddy/AiCollections	AiComparison/Claude/Sonnet45CatalogManagement.aas.yaml	https://github.com/Grinseteddy/AiCollections/blob/aeacb2ba1a1acedd7735e9e625496bcdf02cbf7b/AiComparison/Claude/Sonnet45CatalogManagement.aas.yaml
GregTag/TheSpreadGame	async_api.yaml	https://github.com/GregTag/TheSpreadGame/blob/ee12ce7e70ecca08e1d63e0754590aaab68239c0/async_api.yaml
Kiloforge/kiloforge	backend/api/asyncapi.yaml	https://github.com/Kiloforge/kiloforge/blob/79ac48351a44ab73b242ca194163c9b6234cfe50/backend/api/asyncapi.yaml
daniellmorris/spechero	packages/services/worker/asyncapi.yaml	https://github.com/daniellmorris/spechero/blob/28060857b08b6c0fe3925a707c691fec9541130a/packages/services/worker/asyncapi.yaml
pmxt-dev/pmxt	core/specs/polymarket/Polymarket_Websockets.yaml	https://github.com/pmxt-dev/pmxt/blob/1cf43c380e32ae8d15bca638ce56501d5ddf7dbd/core/specs/polymarket/Polymarket_Websockets.yaml
postel-sh/postel	specs/wire-format/asyncapi.yaml	https://github.com/postel-sh/postel/blob/a0bba74210d1550fc6dafc382810323a6feff2dd/specs/wire-format/asyncapi.yaml
paranoideed/webster	docs/async/canvas.yaml	https://github.com/paranoideed/webster/blob/3be0c7d6a786f635c20e95a183a84b3614481694/docs/async/canvas.yaml
smallest-inc/smallest-ai-documentation	fern/apis/waves/asyncapi/lightning-v3.1-ws.yaml	https://github.com/smallest-inc/smallest-ai-documentation/blob/65de0c680141cada4a172bb71d836b16eaab6ea0/fern/apis/waves/asyncapi/lightning-v3.1-ws.yaml
latamteks-cmyk/SmartEdify_app	smartedify_app/contracts/asyncapi/governance-events.v1.yaml	https://github.com/latamteks-cmyk/SmartEdify_app/blob/4f9fc6bc24d027d99db11e6edffce481fa15c147/smartedify_app/contracts/asyncapi/governance-events.v1.yaml
NalinDalal/modheshwari	asyncapi.yaml	https://github.com/NalinDalal/modheshwari/blob/e20599503f9cb9b1bbcf407b83c502af739e3d97/asyncapi.yaml
MehdiMaachi/tp-xml-meteo	yaml/asyncapi/gitter-streaming3.x.yaml	https://github.com/MehdiMaachi/tp-xml-meteo/blob/98c5963a5e6336dd0dba99eac2a7014f1470e32d/yaml/asyncapi/gitter-streaming3.x.yaml
ai-digital-architect/asyncapi_discovery	examples/payment-service.yaml	https://github.com/ai-digital-architect/asyncapi_discovery/blob/6a3ac26a0f67ce5bd183a3ab5baa7207fc3e5e91/examples/payment-service.yaml
strukovsv/yclients-micro	docs/ru/asyncapi.yaml	https://github.com/strukovsv/yclients-micro/blob/51f8d045e7433f1deeb3fb790fb3b970e9e465d9/docs/ru/asyncapi.yaml
AltairaLabs/Omnia	api/websocket/asyncapi.yaml	https://github.com/AltairaLabs/Omnia/blob/c32c5205eb6d3b1fe41eb294301b04d1f8ddac32/api/websocket/asyncapi.yaml
loulou123546/kenshiata-shared	docs/asyncapi.yaml	https://github.com/loulou123546/kenshiata-shared/blob/6f69ec8714e1b5c3452ac9123c14507af0ae7240/docs/asyncapi.yaml
MikeMDV/riden	docs/api/asynapi.yaml	https://github.com/MikeMDV/riden/blob/bbbf51be7d3ccdec4d82f8182e81e5ec55f5a29a/docs/api/asynapi.yaml
DEFRA/fcp-sfd-object-processor	docs/asyncapi/v1.yaml	https://github.com/DEFRA/fcp-sfd-object-processor/blob/f2173ab095b2e6de4532494abd94e41f4cd673e8/docs/asyncapi/v1.yaml
StableCoinTF/StableCoinBC_Adapter_Docs	asyncapi.yaml	https://github.com/StableCoinTF/StableCoinBC_Adapter_Docs/blob/daec9c8f30c8e7c6df6d5184c19aa25c574bf9e9/asyncapi.yaml
simliai/docs	api-reference/asyncapi.yaml	https://github.com/simliai/docs/blob/5b82e19c53e1ce04569d525dc892156400e2b98a/api-reference/asyncapi.yaml
escrivivir-co/aleph-scriptorium	ARCHIVO/PLUGINS/OPENASYNCAPI_EDITOR/specs/PrologEditor/dramaturgo-signals.asyncapi.yaml	https://github.com/escrivivir-co/aleph-scriptorium/blob/c5e18cda12ee902eba8d5479b30ed6b999ed9b2e/ARCHIVO/PLUGINS/OPENASYNCAPI_EDITOR/specs/PrologEditor/dramaturgo-signals.asyncapi.yaml
MrS1lentcz/protobridge	example/taskboard/gen/protobridge/schema/asyncapi.yaml	https://github.com/MrS1lentcz/protobridge/blob/909a4e9b5736f3e5f2e5df46d6f407792f897c0f/example/taskboard/gen/protobridge/schema/asyncapi.yaml
nicolas-codemate/esp32-pixelcast	docs/api/asyncapi.yaml	https://github.com/nicolas-codemate/esp32-pixelcast/blob/2e20a02629cec16e2d51e65bc9c1c8fce2105130/docs/api/asyncapi.yaml
jordancrombie/bsim	docs/asyncapi.yaml	https://github.com/jordancrombie/bsim/blob/4af35051079b040061939a871545131476e0c2d6/docs/asyncapi.yaml
4g3nt4333/Ascy-website	public/resources/casestudies/hdi/asyncapi.yaml	https://github.com/4g3nt4333/Ascy-website/blob/837f12dc594d46f69b049667836fdf7e85b75d2f/public/resources/casestudies/hdi/asyncapi.yaml
OKArc/backstage	packages/catalog-model/examples/apis/streetlights-api.yaml	https://github.com/OKArc/backstage/blob/3102a99f48def3f64602dca60f5cf7f2ab5460b9/packages/catalog-model/examples/apis/streetlights-api.yaml
daksh0702/first-backstage-app	packages/catalog-model/examples/apis/streetlights-api.yaml	https://github.com/daksh0702/first-backstage-app/blob/9bd3db2a18a8ff775317aafe4bf7d663e2ad89ff/packages/catalog-model/examples/apis/streetlights-api.yaml
clecioantao/platform-state-repo	backstage/packages/catalog-model/examples/apis/streetlights-api.yaml	https://github.com/clecioantao/platform-state-repo/blob/0e24690d2f99fd795b7236eef49abaabf7951ff2/backstage/packages/catalog-model/examples/apis/streetlights-api.yaml
apakhbari/backstage	core-components/1-1-software-catalog/examples/apis/streetlights-api.yaml	https://github.com/apakhbari/backstage/blob/9f097cb859b29a4646de384620fdcf4e25464ef1/core-components/1-1-software-catalog/examples/apis/streetlights-api.yaml
aiskillstore/marketplace	skills/ariegoldkin/api-design-framework/templates/asyncapi-template.yaml	https://github.com/aiskillstore/marketplace/blob/9eeeea2b7d016fcfaecf55fac19601973747ab1b/skills/ariegoldkin/api-design-framework/templates/asyncapi-template.yaml
ArieGoldkin/ai-agent-hub	skills/api-design-framework/templates/asyncapi-template.yaml	https://github.com/ArieGoldkin/ai-agent-hub/blob/758a7f745314ca184e6b1b927224013f0d8afb95/skills/api-design-framework/templates/asyncapi-template.yaml
ComeOnOliver/skillshub	skills/aiskillstore/marketplace/ariegoldkin/api-design-framework/templates/asyncapi-template.yaml	https://github.com/ComeOnOliver/skillshub/blob/db216d3a3d5eef365d1ff27ef240f644e918f05a/skills/aiskillstore/marketplace/ariegoldkin/api-design-framework/templates/asyncapi-template.yaml
OpenSourceAGI/ai-broker-investing-agent	packages/python/polymarket-exec-api/core/specs/polymarket/Polymarket_Websockets.yaml	https://github.com/OpenSourceAGI/ai-broker-investing-agent/blob/88b5e5a55a26d9e1289e0b861cbaf79f660c2982/packages/python/polymarket-exec-api/core/specs/polymarket/Polymarket_Websockets.yaml
nandinimukherjeeblr/testing_dita	yaml/asyncapi/gitter-streaming3.x.yaml	https://github.com/nandinimukherjeeblr/testing_dita/blob/dc7b610f1d23cfbf13aacd9d01c652b5e65c55b9/yaml/asyncapi/gitter-streaming3.x.yaml
fern-api/docs-starter	fern/asyncapi.yaml	https://github.com/fern-api/docs-starter/blob/9e4cb5c2444a8e85a6f69c141e9bc1bc7898cddc/fern/asyncapi.yaml
Tomeku-Development/AgentMesh	fern/asyncapi/websocket-gateway.yaml	https://github.com/Tomeku-Development/AgentMesh/blob/bb96635a64cbebc328217f629d9cb1548705be95/fern/asyncapi/websocket-gateway.yaml
MindGainsLabs/Stratus_Relayer	asyncapi.yaml	https://github.com/MindGainsLabs/Stratus_Relayer/blob/3376213353b2cceca6dfb07aad8365f183ac409c/asyncapi.yaml
0xHoneyJar/loa-hounfour	specs/asyncapi.yaml	https://github.com/0xHoneyJar/loa-hounfour/blob/c06ef1ba89cb16e4feec58f568e029d219918f67/specs/asyncapi.yaml
CodeBeast357/webosapi-asyncapi	webosapi-asyncapi-v3.yaml	https://github.com/CodeBeast357/webosapi-asyncapi/blob/994ef6dd1c0da3a9abfd8f6965dc6f314a17b5fe/webosapi-asyncapi-v3.yaml
ranchat-kr/ranchat-api	src/main/resources/static/websocket-spec.yaml	https://github.com/ranchat-kr/ranchat-api/blob/ca6950208000a112608860a3200eccae04a6cf64/src/main/resources/static/websocket-spec.yaml
aescanero/dago	specs/asyncapi.yaml	https://github.com/aescanero/dago/blob/d0539d308cc50d0ddd7fc5b4e6199cb3cb344a56/specs/asyncapi.yaml
TristanDeLil/ms-microservice-movies	config/asyncapi.yaml	https://github.com/TristanDeLil/ms-microservice-movies/blob/02cc1d2948bf087e75488c4603329bc9b9b29446/config/asyncapi.yaml
romdj/tempsdarret.studio	packages/events/asyncapi.yaml	https://github.com/romdj/tempsdarret.studio/blob/4530b851da8444012b4733a4d53d371f9e4d1b8b/packages/events/asyncapi.yaml
jimfil/raspberryPiProject	labs/lab08/asyncapi.yaml	https://github.com/jimfil/raspberryPiProject/blob/8b933058163334535f2a144b38c3d8b34a3d316a/labs/lab08/asyncapi.yaml
parmendes/API_Doc	apis/subsystem-foxtrot/minimal_rabbitmq/asyncapi.yaml	https://github.com/parmendes/API_Doc/blob/10e1875557a8391e842b1feaddb7c46f6cb198d3/apis/subsystem-foxtrot/minimal_rabbitmq/asyncapi.yaml
viktorSrk/quartogether	specifications.yaml	https://github.com/viktorSrk/quartogether/blob/d71bda1a25eeb3d399b5837e29a2e79b1c9e0985/specifications.yaml
DigKick/DigKick	backend/asyncapi.yaml	https://github.com/DigKick/DigKick/blob/7fdacc8d4449c884c9124596da01d8a5d4332602/backend/asyncapi.yaml
DEFRA/ffc-doc-statement-publisher	docs/asyncapi.yaml	https://github.com/DEFRA/ffc-doc-statement-publisher/blob/a506ce766016fa9379aa25c9ed0b08a531823ebe/docs/asyncapi.yaml
45ck/Portarium	docs/spec/asyncapi/portarium-events.v1.yaml	https://github.com/45ck/Portarium/blob/df231bcc90e37c60638a5a5f66c81c9f9670cd0e/docs/spec/asyncapi/portarium-events.v1.yaml
ugaemi/gyeongdohalsaram-server	asyncapi.yaml	https://github.com/ugaemi/gyeongdohalsaram-server/blob/e9c7d2093aec45283d45e6594ec0fc884fbb685b/asyncapi.yaml
otto-de/api-guidelines	decisions/dev-context/async/04-asyncapi-example/asyncapi.yaml	https://github.com/otto-de/api-guidelines/blob/afb0c7f4cea5268df4f4aecceecd6a58b1ffc66d/decisions/dev-context/async/04-asyncapi-example/asyncapi.yaml
eoap/event-driven-with-argo	src/asyncapi.yaml	https://github.com/eoap/event-driven-with-argo/blob/9ea9ea280629e692554ecaa84d6dd4466d8368bc/src/asyncapi.yaml
yousuf7474/meerkat	specs/asyncapi.yaml	https://github.com/yousuf7474/meerkat/blob/30d346ed3abf00d8fa6371730bee854eb376762d/specs/asyncapi.yaml
Andersonfrfilho/backend-websocket	asyncapi.yaml	https://github.com/Andersonfrfilho/backend-websocket/blob/924857e057a22b5ade6a496384006754bad1655d/asyncapi.yaml
Remake1/GrokOA	api/asyncapi.yaml	https://github.com/Remake1/GrokOA/blob/7f323a3cb81c76259e025f2343e64761ac02147f/api/asyncapi.yaml
nstsai/SAproject	my-website/API_specs/asyncapi.yaml	https://github.com/nstsai/SAproject/blob/5c21b347e16885cf46768b8142c3b993e8713013/my-website/API_specs/asyncapi.yaml
nemirlev/async-api-example	asyncapi.yaml	https://github.com/nemirlev/async-api-example/blob/7e136019864182754612aaf6bf985da5654f87ad/asyncapi.yaml
gpdeoli/revit-api	asyncapi.yaml	https://github.com/gpdeoli/revit-api/blob/5889dece4cd57d70528523583e3bdb2a34845bf3/asyncapi.yaml
yoshioterada/Spec-Driven-Dev	projects/08-ai-advise-service/docs/api/asyncapi.yaml	https://github.com/yoshioterada/Spec-Driven-Dev/blob/72645a91cacd495eb417c42dd3532945ae83dc3b/projects/08-ai-advise-service/docs/api/asyncapi.yaml
pb33f/libasyncapi	test_fixtures/streetlights-kafka.yaml	https://github.com/pb33f/libasyncapi/blob/1e291829f9219cb6dbf4214a11fd07b5c83e561d/test_fixtures/streetlights-kafka.yaml
GreenRover/async-api-validator	tests/controllers/apis/masterdata-stationswitchstate_3.0_proto.yaml	https://github.com/GreenRover/async-api-validator/blob/cd80ed58662281eda73765cbf0d4741afd36e45a/tests/controllers/apis/masterdata-stationswitchstate_3.0_proto.yaml
timonback/springwolf-demo	src/test/resources/asyncapi.yaml	https://github.com/timonback/springwolf-demo/blob/68cb2261498b5e673f5c771b9bcbddc9ed9ec4b5/src/test/resources/asyncapi.yaml
holydocs/messageflow	pkg/schema/source/asyncapi/testdata/user.yaml	https://github.com/holydocs/messageflow/blob/e70c6767d8d310a62554f52eb6eddd136da52a79/pkg/schema/source/asyncapi/testdata/user.yaml
fern-demo/postman-quickstart	fern/asyncapi.yaml	https://github.com/fern-demo/postman-quickstart/blob/f133127beea6e9404410821b1626bec11a660c9e/fern/asyncapi.yaml
fern-api/docs-examples	docs-starter/fern/asyncapi.yaml	https://github.com/fern-api/docs-examples/blob/6f2fa30fe98b4a5d2166a2a1dd8980bc17873766/docs-starter/fern/asyncapi.yaml
TristanDeLil/ms-client-backoffice	config/asyncapi.yaml	https://github.com/TristanDeLil/ms-client-backoffice/blob/08a9e5203101be17d5305921c57e3db7290ab666/config/asyncapi.yaml
NawafSwe/go-service-starter-kit	docs/asyncapi/asyncapi.yaml	https://github.com/NawafSwe/go-service-starter-kit/blob/19ca9d925139a355ede1097b4a2b1e3dbc0f2024/docs/asyncapi/asyncapi.yaml
rajeshrsinha/template	api/streetlights-api.yaml	https://github.com/rajeshrsinha/template/blob/bac2c05c23df9860cbadce502ea84ddc8aa5e78b/api/streetlights-api.yaml
Aetherium-Syndicate-Inspectra/SpectraCall	contracts/asyncapi/decision-events.asyncapi.yaml	https://github.com/Aetherium-Syndicate-Inspectra/SpectraCall/blob/d5c6a9665955b1c93d3520a20187dcc4c118edfb/contracts/asyncapi/decision-events.asyncapi.yaml
Thomas-More-Digital-Innovation/2526-DI-004-GoStrategy	code/backend/docs/asyncapi.yaml	https://github.com/Thomas-More-Digital-Innovation/2526-DI-004-GoStrategy/blob/d7e072c18152dbac1d997c2540764444baa6dcb4/code/backend/docs/asyncapi.yaml
raphaeldelio/springwolf-demo-spring-io-2024	docs-3.yaml	https://github.com/raphaeldelio/springwolf-demo-spring-io-2024/blob/e2b6f9910e329ddbbf18f1c46f166635a4bac19f/docs-3.yaml
Instaconct/instaconct-api	asyncapi.yaml	https://github.com/Instaconct/instaconct-api/blob/290694c257efcdde1dcd78ea42b92a63c735f2ef/asyncapi.yaml
E2RD0/digital-resources-transcription-service	docs/AsyncAPI/asyncapy.yaml	https://github.com/E2RD0/digital-resources-transcription-service/blob/394c4c3bebea0db041f6ec8cf76b648cf47b7902/docs/AsyncAPI/asyncapy.yaml
gokerDEV/node-chat-server	asyncapi.yaml	https://github.com/gokerDEV/node-chat-server/blob/07dcd68e352e03bac7175ab90f26b9ff3beeb68a/asyncapi.yaml
XplorodoX/ITS	docs/asyncapi.yaml	https://github.com/XplorodoX/ITS/blob/0d0b71e7fdd2393d07d1e4807c2f4a8a69075ea5/docs/asyncapi.yaml
asklokesh/NEXT-Portal	backstage/packages/catalog-model/examples/apis/streetlights-api.yaml	https://github.com/asklokesh/NEXT-Portal/blob/9d899b6c62f2dddcb8fdb06fc80ed4c3c3fda077/backstage/packages/catalog-model/examples/apis/streetlights-api.yaml
solacecommunity/spring-cloud-stream-request-reply	doc/spec.yaml	https://github.com/solacecommunity/spring-cloud-stream-request-reply/blob/f08a05b5f42c665e2bfdbfd7e7f5ddf72a369c43/doc/spec.yaml
forepath/agenstra	libs/domains/framework/backend/feature-billing-manager/spec/asyncapi.yaml	https://github.com/forepath/agenstra/blob/ac59983b7c25a23d04d1b8b9fe80b9fe42896bae/libs/domains/framework/backend/feature-billing-manager/spec/asyncapi.yaml
Bombatomica64/42-matcha	api-schema/asyncapi.yaml	https://github.com/Bombatomica64/42-matcha/blob/b0b4ac19177d3504323ce4b2f5a6684b78aa4b18/api-schema/asyncapi.yaml
Vellum-IO/keeper-api-contracts	asyncAPI/keeper.asyncapi.yaml	https://github.com/Vellum-IO/keeper-api-contracts/blob/b9bc018c4a46023a5c2118f94f13a87c7f10c46e/asyncAPI/keeper.asyncapi.yaml
ahelme/mcp-claude-code-browser-tools	chrome-extension/contracts/websocket.asyncapi.yaml	https://github.com/ahelme/mcp-claude-code-browser-tools/blob/42364401ff0a60a115669465fd195c2c20f17e4d/chrome-extension/contracts/websocket.asyncapi.yaml
bmf-san/go-bitflyer-api-client	api/asyncapi/realtime_api.yaml	https://github.com/bmf-san/go-bitflyer-api-client/blob/e2527021d0fdfcd10aa0a6f00afa3b948400dcd7/api/asyncapi/realtime_api.yaml
indiealexh/quarkus-json-rpc-ws-next-example	asyncapi.yaml	https://github.com/indiealexh/quarkus-json-rpc-ws-next-example/blob/684d509fd6560bbfb86255fa2f7456f849c4c4fe/asyncapi.yaml
cjjohansen/drone-web	design/catalog-management-v2/addr/refine/integration-events.yaml	https://github.com/cjjohansen/drone-web/blob/179b320a1e7303b67a040bdf1ef481199351f171/design/catalog-management-v2/addr/refine/integration-events.yaml
ArneVcrs/howestprime-microservice-movies	config/asyncapi.yaml	https://github.com/ArneVcrs/howestprime-microservice-movies/blob/76232141722865cf3b5af1837fed5fe3243cb243/config/asyncapi.yaml
PolyAI-LDN/polyai-mintlify-doc	api-reference/webrtc-gateway/asyncapi.yaml	https://github.com/PolyAI-LDN/polyai-mintlify-doc/blob/0f27c08e8eeaa1ae00525fb1bd620ced2d3c9bcc/api-reference/webrtc-gateway/asyncapi.yaml
cryptoxdog/Enrichment.Inference.Engine	docs/contracts/events/asyncapi.yaml	https://github.com/cryptoxdog/Enrichment.Inference.Engine/blob/343cc62cba90713f1d289a71a52143ffdd7dd445/docs/contracts/events/asyncapi.yaml
dduartee/sigaa-socket-api	asyncapi/asyncapi.yaml	https://github.com/dduartee/sigaa-socket-api/blob/6726d2632b7969db20412dca6f231ccd35d8b229/asyncapi/asyncapi.yaml
andreaseger/homelab-tools	specs/example-asyncapi-3-0-0-streetlights.yaml	https://github.com/andreaseger/homelab-tools/blob/6ece0bda98502da798ad74963e471f3fc8c3f148/specs/example-asyncapi-3-0-0-streetlights.yaml
gematik/api-ehcl	ehcl/asyncapi.yaml	https://github.com/gematik/api-ehcl/blob/f1a9db9e564227cba7d2b91fa572aeab9dbf8d5f/ehcl/asyncapi.yaml
luistrigueiros/simple-asyncapi-codegen	src/main/resources/member.asyncapi.yaml	https://github.com/luistrigueiros/simple-asyncapi-codegen/blob/a42f12acb3668e7c88a74e7d741233bb7e6af65b/src/main/resources/member.asyncapi.yaml
AdanHdzF/event-flow	eventflow/asyncapi.yaml	https://github.com/AdanHdzF/event-flow/blob/1c9deb2eab24410c1023ba08f0ae2ca4eb66b3d2/eventflow/asyncapi.yaml
RafaelAlmeida00/Simulador-UI	documentation/asyncapi.yaml	https://github.com/RafaelAlmeida00/Simulador-UI/blob/2a9da2a8dd871b988ab321e661e88362187eb60d/documentation/asyncapi.yaml
UNIZAR-30226-2026-07/BombaVa-Backend	docs/asyncapi/asyncapi.yaml	https://github.com/UNIZAR-30226-2026-07/BombaVa-Backend/blob/3db14c5bf5d6622bc61f8815e66182624584070e/docs/asyncapi/asyncapi.yaml
manav-1/expense-ai-be	asyncapi.yaml	https://github.com/manav-1/expense-ai-be/blob/ea6df007a795d4745b2697c7b8e669b4d76df79a/asyncapi.yaml
ArneVcrs/howestprime-microservice-ticketing	config/asyncapi.yaml	https://github.com/ArneVcrs/howestprime-microservice-ticketing/blob/60756f4555f09ae790642fa4909460381b087cd6/config/asyncapi.yaml
aperim/production-city-web	apps/backend/src/asyncapi.yaml	https://github.com/aperim/production-city-web/blob/94d601f81ef64828c42a3dcc8ee81b5cbb5b5422/apps/backend/src/asyncapi.yaml
Or3nges/howestprime-microservice-ticketing	config/asyncapi.yaml	https://github.com/Or3nges/howestprime-microservice-ticketing/blob/b031ae27cf87b548f2bee2e487beb161795ebc9f/config/asyncapi.yaml
NeatGuyCoding/spring-io	2024/AsyncAPI & Springwolf - Automated documentation (and more) by Raphael De Lio/springwolf-demo-spring-io-2024-main/docs-3.yaml	https://github.com/NeatGuyCoding/spring-io/blob/b81620018fd373b31214c8e997b613841ddbd1a7/2024/AsyncAPI%20&%20Springwolf%20-%20Automated%20documentation%20(and%20more)%20by%20Raphael%20De%20Lio/springwolf-demo-spring-io-2024-main/docs-3.yaml
Matse-DD/HowestPrime-microservice-movies	config/asyncapi.yaml	https://github.com/Matse-DD/HowestPrime-microservice-movies/blob/7a35bc2c644cdf7e36cf331b85c98690a1cf78c7/config/asyncapi.yaml
Or3nges/howestprime-microservice-movies	config/asyncapi.yaml	https://github.com/Or3nges/howestprime-microservice-movies/blob/7b48fd8d173e90c17f0ac31531cc169f76b2bfcc/config/asyncapi.yaml
LaurenCattoor/st-microservice-movies	config/asyncapi.yaml	https://github.com/LaurenCattoor/st-microservice-movies/blob/fe5bd410c91932c2a60c85da23e559649c2bfbc7/config/asyncapi.yaml
ssstijn/movies-backend-sem4	config/asyncapi.yaml	https://github.com/ssstijn/movies-backend-sem4/blob/8217af2048fb427c395e32404629fbdbe511d9bd/config/asyncapi.yaml
eHealthCardLink/Spezifikation	cardlink-communication.yaml	https://github.com/eHealthCardLink/Spezifikation/blob/83a9f3dc8e87eda616f20d947ff3fe65953ca594/cardlink-communication.yaml
med-united/popp-smartphone-konnektor	ehcl-api/src/main/resources/asyncapi/asyncapi.yaml	https://github.com/med-united/popp-smartphone-konnektor/blob/48beee87cab6d13d6ca98501659575bcc245dae7/ehcl-api/src/main/resources/asyncapi/asyncapi.yaml
RafaelAlmeida00/Plant-Simulador-Huggy	src/adapters/http/asyncapi.yaml	https://github.com/RafaelAlmeida00/Plant-Simulador-Huggy/blob/2cb25f844a835c89bc9bb085503ab86a0f8714df/src/adapters/http/asyncapi.yaml
specmatic/specmatic-kafka-sample-asyncapi3	specs/async-order-service.yaml	https://github.com/specmatic/specmatic-kafka-sample-asyncapi3/blob/d65fc410ad7cd8d780426b788324663a551b97b2/specs/async-order-service.yaml
danabrams/m	api/contract/websocket.yaml	https://github.com/danabrams/m/blob/226b44c8351ca0abe7d2a369ad9211005ca68a70/api/contract/websocket.yaml
hungvo2010/free-note-service	asyncapi.yaml	https://github.com/hungvo2010/free-note-service/blob/d0eb828c87e874fef4ae376fbd49448cba6f228b/asyncapi.yaml
thelonggoodbuy/cryptowallet	asyncapi.yaml	https://github.com/thelonggoodbuy/cryptowallet/blob/3322a8841786f32d5c7ba124943dc8f0d239c2cb/asyncapi.yaml
tudor-upt/urban-pulse-ada	spec/internal-events.asyncapi.yaml	https://github.com/tudor-upt/urban-pulse-ada/blob/fd069591b0570aedbfb576ae6b59f60075042885/spec/internal-events.asyncapi.yaml
BenediktusG/task-manager	docs/asyncapi.yaml	https://github.com/BenediktusG/task-manager/blob/3fae083c71199f8d531beea473e4613c4d66de22/docs/asyncapi.yaml
calvinlee999/AI-Platform-for-FinTech-Evolution	backend/microservices/user-service/src/main/resources/api/user-service-asyncapi.yaml	https://github.com/calvinlee999/AI-Platform-for-FinTech-Evolution/blob/57a7fa623fdfbb30921960a36ff2ce9adde77428/backend/microservices/user-service/src/main/resources/api/user-service-asyncapi.yaml
droso-hass/openab	docs/asyncapi.yaml	https://github.com/droso-hass/openab/blob/5f687e983c3fb9e2bb1f871f4a7cf02891d428bb/docs/asyncapi.yaml
lg-labs/blank-service	blank-message/blank-message-model/src/main/resources/spec/asyncapi.yaml	https://github.com/lg-labs/blank-service/blob/647512bdbf4113391f33db41acef8e82e92b4a40/blank-message/blank-message-model/src/main/resources/spec/asyncapi.yaml
Insightpulseai/agents	specs/asyncapi/events.yaml	https://github.com/Insightpulseai/agents/blob/10ad450e7d469b772f556bb1a76f7d07b8d3d83e/specs/asyncapi/events.yaml
maxime-aube/ollama	src/asyncapi/asyncapi.yaml	https://github.com/maxime-aube/ollama/blob/9166d4363cb8befbca5fff59da13486b8650a139/src/asyncapi/asyncapi.yaml
Jacksonspencerd/tcss559-project	node/asyncapi.yaml	https://github.com/Jacksonspencerd/tcss559-project/blob/d05a379b313a73bbc73d6a152a989bc0bf3ac4bb/node/asyncapi.yaml
TristanDeLil/ms-microservice-ticketing	config/asyncapi.yaml	https://github.com/TristanDeLil/ms-microservice-ticketing/blob/cb01ab6521f82cbb4275d7d9515f8195472eb57f/config/asyncapi.yaml
kdwras/node-red-async-api-plugin	nodered/nodes/async-api-node/specs/smarthome.yaml	https://github.com/kdwras/node-red-async-api-plugin/blob/b339c4bf252812fac608ef955c45e3f703f508f7/nodered/nodes/async-api-node/specs/smarthome.yaml
KevinShabanaj386/SmartGridAnalytics	SmartGrid_Project_Devops/standards-best-practices/asyncapi/asyncapi.yaml	https://github.com/KevinShabanaj386/SmartGridAnalytics/blob/16d59605cabc08940d287f25050222a734fb43f8/SmartGrid_Project_Devops/standards-best-practices/asyncapi/asyncapi.yaml
marcopaga/config_api	spec/asyncapi/config-events-v1.yaml	https://github.com/marcopaga/config_api/blob/ac9a3cec0975a107206700fb9efb710ac608d480/spec/asyncapi/config-events-v1.yaml
c2siorg/genie	docs/asyncapi.yaml	https://github.com/c2siorg/genie/blob/18b3cd11f8434af0e4372daa993e880e50137615/docs/asyncapi.yaml
V-ivek/workflow-engine	asyncapi.yaml	https://github.com/V-ivek/workflow-engine/blob/3b35282719f6eca4459ad7396a12f098cac2c640/asyncapi.yaml
encypher-studio/newsware-docs	asyncapi/asyncapi.yaml	https://github.com/encypher-studio/newsware-docs/blob/d79795a7c4f9d9ce6fef80311233de5fcfa8d92c/asyncapi/asyncapi.yaml
johnmarios/advanced-programming-techniques-lab	labs/lab08/asyncapi.yaml	https://github.com/johnmarios/advanced-programming-techniques-lab/blob/680b6e3116811b47b014558e660bf9b6b3e0a689/labs/lab08/asyncapi.yaml
brainsnorkel/hourstats-bsky	asyncapi.yaml	https://github.com/brainsnorkel/hourstats-bsky/blob/0fe46e6af5ed8786aa0ceeebaf99c23eb9cc891c/asyncapi.yaml
DigitalFemsa-Genesys/test-backstage-asynapi	schemas/asyncapi/asyncapi.yaml	https://github.com/DigitalFemsa-Genesys/test-backstage-asynapi/blob/b55974ae4f65252f524048cc9aaf27100f867f1c/schemas/asyncapi/asyncapi.yaml
adimail/rocket-landing-rl	asyncapi.yaml	https://github.com/adimail/rocket-landing-rl/blob/491ddd714077a70b7f374b453c1b60f452677a57/asyncapi.yaml
ministryofjustice/curious-API	integration/integration-events-asyncapi.yaml	https://github.com/ministryofjustice/curious-API/blob/29217a65872c32fb9c5dcbd291fa4b5a95fd8f6f/integration/integration-events-asyncapi.yaml
Pinit-Scheduler/pinit-notification	docs/task-async-api.yaml	https://github.com/Pinit-Scheduler/pinit-notification/blob/9ed3287cbf3ba8acb4a05ae3fd8b69e0c87249c8/docs/task-async-api.yaml
ahadify/VDL-gg	specs/draft-websocket.yaml	https://github.com/ahadify/VDL-gg/blob/e0dcaebdd52cba8b4abddbbcda1aef144967d206/specs/draft-websocket.yaml
DevashishBoini/attendanceSystem	src/swagger/asyncapi.yaml	https://github.com/DevashishBoini/attendanceSystem/blob/d3c4cbbc05918babd762945f7c22057c96dc7a5e/src/swagger/asyncapi.yaml
specmatic/labs-contracts	asyncapi/async-event-flow/async-order-service.yaml	https://github.com/specmatic/labs-contracts/blob/cf10632ed113d1183c83d0d93b0353d95046ad9d/asyncapi/async-event-flow/async-order-service.yaml
GopiR17/backstage-prod	plugins/api-docs/dev/asyncapi-example-api.yaml	https://github.com/GopiR17/backstage-prod/blob/024b530575d5d9d4d28d53db56d245d81a8c413c/plugins/api-docs/dev/asyncapi-example-api.yaml
Pinit-Scheduler/pinit-task	src/main/resources/async-api.yaml	https://github.com/Pinit-Scheduler/pinit-task/blob/8668e4551d6fa55dd101b13b3956f940d5eb180b/src/main/resources/async-api.yaml
FreeTAKTeam/Reticulum_AsyncAPI_rs	contracts/retasyncapi-v1.asyncapi.yaml	https://github.com/FreeTAKTeam/Reticulum_AsyncAPI_rs/blob/713ccaf76c9d1da5813835b165a3e6ed68c6ea9c/contracts/retasyncapi-v1.asyncapi.yaml
juniorcmauricio/INF332_SOA	aula_04/Pratica4_Grupo06.yaml	https://github.com/juniorcmauricio/INF332_SOA/blob/dd5c2c374c5cdb8d01aff542bcc62afbf33992b8/aula_04/Pratica4_Grupo06.yaml
Sejsel/ksplang-programs	debugger/asyncapi.yaml	https://github.com/Sejsel/ksplang-programs/blob/29c8319c390f3e94e9c0efc6d10cd59e2d2b53b5/debugger/asyncapi.yaml
Amazon-Cloud-Club-for-KWU/3th-chat-api-demo	AsyncApiDocument.yaml	https://github.com/Amazon-Cloud-Club-for-KWU/3th-chat-api-demo/blob/f88196b44d47fb9512765b40ecc728f0917d035e/AsyncApiDocument.yaml
ODS-IS-UASL/asset	docs/ポート離着陸準備指示API及びポート離着陸準備受付・準備完了通知API.yaml	https://github.com/ODS-IS-UASL/asset/blob/60a060c8b560f851edee17658fa0de1dcd1dbda4/docs/%E3%83%9D%E3%83%BC%E3%83%88%E9%9B%A2%E7%9D%80%E9%99%B8%E6%BA%96%E5%82%99%E6%8C%87%E7%A4%BAAPI%E5%8F%8A%E3%81%B3%E3%83%9D%E3%83%BC%E3%83%88%E9%9B%A2%E7%9D%80%E9%99%B8%E6%BA%96%E5%82%99%E5%8F%97%E4%BB%98%E3%83%BB%E6%BA%96%E5%82%99%E5%AE%8C%E4%BA%86%E9%80%9A%E7%9F%A5API.yaml
LaurenCattoor/st-microservice-ticketing	config/asyncapi.yaml	https://github.com/LaurenCattoor/st-microservice-ticketing/blob/00a2367b4e1cefab9d1a0f72ace02dbd8357eaa8/config/asyncapi.yaml
fsgeek/lares	specs/001-data-wrangler/contracts/transport-api.yaml	https://github.com/fsgeek/lares/blob/1edab9e9ca57bd513778d08520d293b570835fa7/specs/001-data-wrangler/contracts/transport-api.yaml
Emiltzav/asyncapi-iot-examples	smartlights-kafka-api/smartlights-kafka-api.yaml	https://github.com/Emiltzav/asyncapi-iot-examples/blob/4e72ca2be18e01b370ca8358557e4819650df113/smartlights-kafka-api/smartlights-kafka-api.yaml
underpass-ai/underpass-choreographer	specs/asyncapi/choreographer.asyncapi.yaml	https://github.com/underpass-ai/underpass-choreographer/blob/c74aac2cf0634ac11c1927983ead0668ed0fa191/specs/asyncapi/choreographer.asyncapi.yaml
Deutsche-FayTech-Korea/bridge_socket_server	asyncapi.yaml	https://github.com/Deutsche-FayTech-Korea/bridge_socket_server/blob/a5e521a546e793d4201676e94256e4dc9babdf30/asyncapi.yaml
DafeCpp/product_dev_course	projects/backend/services/telemetry-ingest-service/asyncapi.yaml	https://github.com/DafeCpp/product_dev_course/blob/21cf3bd361d27cddf6751b62e0772e4b3bd383cb/projects/backend/services/telemetry-ingest-service/asyncapi.yaml
JonathanGrocott/A2A-MQTT	asyncapi.yaml	https://github.com/JonathanGrocott/A2A-MQTT/blob/aa725e68a16bdbb6ddd8f78224edf93f9842a753/asyncapi.yaml
almashooq1/alawael-erp	docs/asyncapi/care-planning-events.yaml	https://github.com/almashooq1/alawael-erp/blob/da1fb3180fe9997e7f116f1d340a1faff3266437/docs/asyncapi/care-planning-events.yaml
ekhodzitsky/gigastt	docs/asyncapi.yaml	https://github.com/ekhodzitsky/gigastt/blob/29670e4ab4715b415f59558c68cd07c8a84e3f93/docs/asyncapi.yaml
lg-labs/food-ordering-system	order-service/order-message/order-message-model/src/main/resources/spec/asyncapi.yaml	https://github.com/lg-labs/food-ordering-system/blob/78087d5cff747e0a48af046bd187b28b4ffa4fff/order-service/order-message/order-message-model/src/main/resources/spec/asyncapi.yaml
zikratski/LinguaConnect	my-website/api_specs/asyncapi.yaml	https://github.com/zikratski/LinguaConnect/blob/3f890598abe7fb10162866a8bac2087c76d9a41d/my-website/api_specs/asyncapi.yaml
mnemitz/webpack-asyncapi-schema-loader	examples/basic-usage/schemas/streetlight.yaml	https://github.com/mnemitz/webpack-asyncapi-schema-loader/blob/99c72158aa1c8023460b9404e6a4c962928893c7/examples/basic-usage/schemas/streetlight.yaml
remidosol/real-time-trade-api	asyncapi.yaml	https://github.com/remidosol/real-time-trade-api/blob/07e32763a34334ac05d70243503e14582ff423bc/asyncapi.yaml
MatiasNAmendola/real-time-risk-lab	poc/vertx-monolith-inprocess/src/main/resources/asyncapi.yaml	https://github.com/MatiasNAmendola/real-time-risk-lab/blob/959b77b9fbe44c58521c91cf7bbc09fcd943baa6/poc/vertx-monolith-inprocess/src/main/resources/asyncapi.yaml
livestorm/frontend-engineer-hiring-test	backend/asyncapi.yaml	https://github.com/livestorm/frontend-engineer-hiring-test/blob/380217121bbb1e52df5e6038f4140ecd94147e7b/backend/asyncapi.yaml
21MokseM12/DevPulse	scrapper/contracts/asyncapi.yaml	https://github.com/21MokseM12/DevPulse/blob/d46f2bc7b9c5debe7fe51b8540392d8ca7928dd1/scrapper/contracts/asyncapi.yaml
Matse-DD/HowestPrime-microservice-ticketing	config/asyncapi.yaml	https://github.com/Matse-DD/HowestPrime-microservice-ticketing/blob/a9e82320f8e5c9e95b79179f23e9951e5b770fd2/config/asyncapi.yaml
Elhebert/asyncapi-validation	tests/fixtures/valid-schema-3.0.0.yaml	https://github.com/Elhebert/asyncapi-validation/blob/302c5e29f8da7e3215017ef49a0a080188cdd11e/tests/fixtures/valid-schema-3.0.0.yaml
pixel-agents-hq/pixel-agents	core/asyncapi.yaml	https://github.com/pixel-agents-hq/pixel-agents/blob/17ad25ddbfad3392628a2d91b5303335cc5c4923/core/asyncapi.yaml
DeepLcom/openapi	voice.asyncapi.yaml	https://github.com/DeepLcom/openapi/blob/11ca44c4c104a80da97b7d07501f7fffb8bc836d/voice.asyncapi.yaml
lafette21/smart-gardening	api/asyncapi.yaml	https://github.com/lafette21/smart-gardening/blob/b894febfe3fdb44c51032afe106a03aedd340a7a/api/asyncapi.yaml
delokoseni/apigateway	apigateway.yaml	https://github.com/delokoseni/apigateway/blob/1ebbe4e1cb6181da721034721384da7d4ff6cee7/apigateway.yaml
ravecat/songy	priv/specs/asyncapi.yaml	https://github.com/ravecat/songy/blob/0812625432c6d63e8fcc188be64d071f2859c1ad/priv/specs/asyncapi.yaml
klurvio/sukko	ws/docs/asyncapi/client-ws.asyncapi.yaml	https://github.com/klurvio/sukko/blob/d610184bbbccd0d3ea89bb84fed75027646bc5e8/ws/docs/asyncapi/client-ws.asyncapi.yaml
straylight-archive/render-api	api/render.asyncapi.yaml	https://github.com/straylight-archive/render-api/blob/36d9366b2c0be6bbc3c51d8e3d80e7e8403e7ec3/api/render.asyncapi.yaml
manuschillerdev/esphome-elero	components/elero_web/frontend/app/asyncapi.yaml	https://github.com/manuschillerdev/esphome-elero/blob/4ded05b35257076810c5c4f337acf3ec6ba7dd61/components/elero_web/frontend/app/asyncapi.yaml
arc-framework/arc-platform	services/reasoner/contracts/asyncapi.yaml	https://github.com/arc-framework/arc-platform/blob/a4f97ee9771e79fabb3d4680893e9ac0bc3b5150/services/reasoner/contracts/asyncapi.yaml
SpecterOps/SpecterOpsDocs	mythic-docs/mythicrpc/mythicrpc-asyncapi.yaml	https://github.com/SpecterOps/SpecterOpsDocs/blob/2090ebc64da6492cc14e1ec38e88adc87cef2aa6/mythic-docs/mythicrpc/mythicrpc-asyncapi.yaml
dnonakolesax/cccad-locks	docs/asyncapi.yaml	https://github.com/dnonakolesax/cccad-locks/blob/859e7c93e64135cb9474faab022034a837772976/docs/asyncapi.yaml
speechmatics/docs	spec/realtime.yaml	https://github.com/speechmatics/docs/blob/0b3127398bdf4b1a07d4cb1a36f34fa4c619e9ac/spec/realtime.yaml
ravecat/moda	apps/ash_framework/priv/specs/asyncapi.yaml	https://github.com/ravecat/moda/blob/b885687c6c0824b901a2c18954594a6f89afff26/apps/ash_framework/priv/specs/asyncapi.yaml
codeboltai/codeboltjs	asyncapi.yaml	https://github.com/codeboltai/codeboltjs/blob/2d5b9a80fb31bfa1249033ea978fdd673d6deac9/asyncapi.yaml
ShuVeriDa/distahilar-back	asyncapi.yaml	https://github.com/ShuVeriDa/distahilar-back/blob/57c19c7c31e6d5e073c6e896be270dcb2e163c3a/asyncapi.yaml
hongkongkiwi/yorked-docs	docs/technical/contracts/asyncapi.yaml	https://github.com/hongkongkiwi/yorked-docs/blob/851e2ede32f4807cc3382222105ea49e24494f23/docs/technical/contracts/asyncapi.yaml
graviteeqa/testrepo	asyncapi.yaml	https://github.com/graviteeqa/testrepo/blob/5d824d02572ebaa7c03364aa4bc331a514dd1bfe/asyncapi.yaml
rainbow-mobile/web_robot_server	asyncapi.yaml	https://github.com/rainbow-mobile/web_robot_server/blob/83a6d67aaa3ae27c1b557863b46d6c8cdae39466/asyncapi.yaml
jimfil/smartWasteBinProject	docs/asyncapi.yaml	https://github.com/jimfil/smartWasteBinProject/blob/0194b8b6b1929ebabb4a86c1214e1993d9981a7c/docs/asyncapi.yaml
David-Parry/server-agents	agent-message-protocol/asyncapi.yaml	https://github.com/David-Parry/server-agents/blob/116e3fd2c0a1efac1b407cf557d03b0f9c1e8485/agent-message-protocol/asyncapi.yaml
inputlayer/inputlayer	docs/spec/asyncapi.yaml	https://github.com/inputlayer/inputlayer/blob/d955fc00cfba48c15d665529ba24b54de977bac7/docs/spec/asyncapi.yaml
EcoHub-AG/Api-Specs	SAF-Message-Broker/asyncApi-saf-message-broker.yaml	https://github.com/EcoHub-AG/Api-Specs/blob/dfb16455c5dea1b7e80e0e28915b2a9ea5877b47/SAF-Message-Broker/asyncApi-saf-message-broker.yaml
babelforce/rtvbp-spec	asyncapi.yaml	https://github.com/babelforce/rtvbp-spec/blob/a11ce6c718895c0b75badcda24669151b8dc3d9b/asyncapi.yaml
kakao-tech-campus-3rd-step3/Team8_BE	asyncapi.yaml	https://github.com/kakao-tech-campus-3rd-step3/Team8_BE/blob/43cccbda9bb885a1b248a79bad336e5801b8420d/asyncapi.yaml
bishoy-alhanna/frightflow	docs/asyncapi/events.yaml	https://github.com/bishoy-alhanna/frightflow/blob/33ecc00591fcec793f7dd1719150ccd397504584/docs/asyncapi/events.yaml
wohnheim/stueble	packages/frontend/static/api-spec/asyncapi.yaml	https://github.com/wohnheim/stueble/blob/eb9da02955db914eebb9234b741787bad78a8add/packages/frontend/static/api-spec/asyncapi.yaml
Aidin1998/finalex	docs/api/asyncapi.yaml	https://github.com/Aidin1998/finalex/blob/4f4f474e6fe4a384313f800373e69f5e09e0ea32/docs/api/asyncapi.yaml
Goldziher/spikard	testing_data/schemas/chat-service.asyncapi.yaml	https://github.com/Goldziher/spikard/blob/c1a858bf1d34b455332192db4b7f4cf20f9f4c41/testing_data/schemas/chat-service.asyncapi.yaml
Gradient-DS/AGORA	docs/hai-contract/asyncapi.yaml	https://github.com/Gradient-DS/AGORA/blob/6d1dd2f17947fc6bfe37255f03c23d6feeea6a2c/docs/hai-contract/asyncapi.yaml
zachariep/spring-petclinic-saga-refactor	model_2/api-contracts/asyncapi/petclinic-events.yaml	https://github.com/zachariep/spring-petclinic-saga-refactor/blob/3dae354e5cd2345aa27c22a62639c9b4d3a95a93/model_2/api-contracts/asyncapi/petclinic-events.yaml
jamesenki/vehicle-to-cloud-communications-architecture	asyncapi.yaml	https://github.com/jamesenki/vehicle-to-cloud-communications-architecture/blob/9d035362d918107d506f74bc164a9980c4c7b636/asyncapi.yaml
hmajid2301/banterbus	docs/asyncapi.yaml	https://github.com/hmajid2301/banterbus/blob/3089fca9340746decfe3964ceb68d46eb94dd90f/docs/asyncapi.yaml
justaksi7/b2b-sap-payment-bridge	asyncapi.yaml	https://github.com/justaksi7/b2b-sap-payment-bridge/blob/afcc6ffdda73d559c67c62041a49aa9c3501250b/asyncapi.yaml
DEFRA/ffc-pay-data-hub	app/docs/asyncapi.yaml	https://github.com/DEFRA/ffc-pay-data-hub/blob/acea9aba4254be0128eee9463db28659fb1e656a/app/docs/asyncapi.yaml
aerdman1/aerdman1.github.io	asyncapi.yaml	https://github.com/aerdman1/aerdman1.github.io/blob/5a3bdb4d141aee9b34d9b9a42dc7c3be1435fedc/asyncapi.yaml
yuvraj-chouhan-dev/ready-now-server	docs/asyncapi.yaml	https://github.com/yuvraj-chouhan-dev/ready-now-server/blob/7c8b6f3c173f51a9d563b9abb23b05627c6e7881/docs/asyncapi.yaml
slng-ai/sdks	specs/bridges-unmute/bridges-unmute.asyncapi.yaml	https://github.com/slng-ai/sdks/blob/fc251e35b88626d42f594b7f78b36d8b6f437fc0/specs/bridges-unmute/bridges-unmute.asyncapi.yaml
agiopen-org/lux-desktop	asyncapi/asyncapi.yaml	https://github.com/agiopen-org/lux-desktop/blob/d326cf3f3e75f92b4f90592e7ce2ab19a72358b2/asyncapi/asyncapi.yaml
acvigue/casa-bonita	shared/homeassistant-websocket-asyncapi.yaml	https://github.com/acvigue/casa-bonita/blob/d2e525601094357fdec2d4b5526381c22e83124d/shared/homeassistant-websocket-asyncapi.yaml
MALIEV-Co-Ltd/Maliev.MessagingContracts	asyncapi/asyncapi.yaml	https://github.com/MALIEV-Co-Ltd/Maliev.MessagingContracts/blob/93483b0b3c2dc5ac384b336d0f7e48f9227d3fc6/asyncapi/asyncapi.yaml
lufyxz7/xpogo	packages/backend/CHATBOT_ASYNCAPI.yaml	https://github.com/lufyxz7/xpogo/blob/7ca7f273e1f2236c346624930ed1d6ff3df4e49d/packages/backend/CHATBOT_ASYNCAPI.yaml
netbarros/Production-MagicSaas-Sofia-IA-Software-Lotus	asyncapi-schema.yaml	https://github.com/netbarros/Production-MagicSaas-Sofia-IA-Software-Lotus/blob/d38faff6ac782da96d4e58db4941e4e49a580b89/asyncapi-schema.yaml
juvi07/bs-templates	examples/api.yaml	https://github.com/juvi07/bs-templates/blob/5b0e3da519d51ecb3559b7aa5c1afcaf03b08e9b/examples/api.yaml
pmdartus/mintlify-docs	core-api/asyncapi/transcribe-ws.yaml	https://github.com/pmdartus/mintlify-docs/blob/cd544f2e2e6409f47821da5b8003671cceda446d/core-api/asyncapi/transcribe-ws.yaml
DEFRA/ffc-doc-statement-generator	docs/asyncapi.yaml	https://github.com/DEFRA/ffc-doc-statement-generator/blob/325f18821539d8c47d4fc3747d931f77c6d5363e/docs/asyncapi.yaml
tornado80/collaborative-whiteboard	api/api-ws.yaml	https://github.com/tornado80/collaborative-whiteboard/blob/d77f5081dff0d4ff9652b9784a6d91db53920f01/api/api-ws.yaml
FinamWeb/finam-trade-api	specs/asyncapi/asyncapi-v1.0.0.yaml	https://github.com/FinamWeb/finam-trade-api/blob/48d0c249ba30fe36c1059d08a53230d076660720/specs/asyncapi/asyncapi-v1.0.0.yaml
Reya-Labs/reya-api-specs	asyncapi-exec-v2.yaml	https://github.com/Reya-Labs/reya-api-specs/blob/eb0937921bd939a8e858ce2707fcb101a2aa4bab/asyncapi-exec-v2.yaml
DeepLcom/api-docs	api-reference/voice/voice.asyncapi.yaml	https://github.com/DeepLcom/api-docs/blob/8ac654dc6d61bd45a6890d7870586dd33641b530/api-reference/voice/voice.asyncapi.yaml
ToweringDragoon/mintlify-docs	mythic-docs/mythicrpc/mythicrpc-asyncapi.yaml	https://github.com/ToweringDragoon/mintlify-docs/blob/586062b217f5139da7a70dd828eccbd25de88496/mythic-docs/mythicrpc/mythicrpc-asyncapi.yaml
ScrKiddie/AtoiTalkAPI	docs/asyncapi.yaml	https://github.com/ScrKiddie/AtoiTalkAPI/blob/82406766b8d7199364ffa9c873f897da522662ed/docs/asyncapi.yaml
myrobotaxi/telemetry	docs/contracts/specs/websocket.asyncapi.yaml	https://github.com/myrobotaxi/telemetry/blob/99db779b72290ab1bd4dbde494b86746fc61eb0b/docs/contracts/specs/websocket.asyncapi.yaml
KibbeWater/wfm-openapi	asyncapi/websockets.yaml	https://github.com/KibbeWater/wfm-openapi/blob/f8307620648360480a5076a5464055ca1fea7f7d/asyncapi/websockets.yaml
mjones3/interface-exception-collector-service	site/asyncapi.yaml	https://github.com/mjones3/interface-exception-collector-service/blob/6681c44e789a7504ca2bbb9e712ec8fd0031a6ab/site/asyncapi.yaml
ElementAstro/lithium-next	docs/asyncapi-spec.yaml	https://github.com/ElementAstro/lithium-next/blob/2c3e2efe3e369174f0f374b766995f514cf8f3f4/docs/asyncapi-spec.yaml
GabrielAderaldo/Merma_a_musica	handbook/doc/30-specs/04-websocket.yaml	https://github.com/GabrielAderaldo/Merma_a_musica/blob/c8a1b285f05630bf6ba2867d1260a4d23fd97966/handbook/doc/30-specs/04-websocket.yaml
PeterAlaks/lyric-display-app	docs/asyncapi.yaml	https://github.com/PeterAlaks/lyric-display-app/blob/13331b0f8391a15b696e70cc3a01843ff0d2673d/docs/asyncapi.yaml
DEFRA/ffc-pay-enrichment	docs/asyncapi.yaml	https://github.com/DEFRA/ffc-pay-enrichment/blob/87d3722a4c09f79a8533ae240cfcb1e1ab87157f/docs/asyncapi.yaml
kardasz/skipper-club-android	docs/api/asyncapi.yaml	https://github.com/kardasz/skipper-club-android/blob/e62f47079b29e92d8c0a2fe6eefd2890ad76a580/docs/api/asyncapi.yaml
mattmeye/payara-6-ibm-queue	src/main/resources/asyncapi.yaml	https://github.com/mattmeye/payara-6-ibm-queue/blob/933b385a1042ef5de2eca2498f92451a55f4ca14/src/main/resources/asyncapi.yaml
dotnet/maui-labs	docs/DevFlow/spec/asyncapi.yaml	https://github.com/dotnet/maui-labs/blob/b0268d07a24e8a3a88a53a2a3603e962b6b56776/docs/DevFlow/spec/asyncapi.yaml
gladiaio/docs	asyncapi.yaml	https://github.com/gladiaio/docs/blob/f290e0c10c408da849f4de68bd5fc500352b23b5/asyncapi.yaml
alliander-opensource/lsis-api-specs	lsis-asyncapi.yaml	https://github.com/alliander-opensource/lsis-api-specs/blob/530700d0cb3a389593faa15a6261ba7aca4005d7/lsis-asyncapi.yaml
mcavicchiaUADE/desapps2	asyncapi-backoffice.yaml	https://github.com/mcavicchiaUADE/desapps2/blob/92fa49045051afd8049de28cb16a2783a5045f1e/asyncapi-backoffice.yaml
Owen-Richards/ai-nutritionist	docs/api-reference/asyncapi/ai-nutritionist-events.yaml	https://github.com/Owen-Richards/ai-nutritionist/blob/8eb8fd1f2689fd564133c41c850ade2e59a99771/docs/api-reference/asyncapi/ai-nutritionist-events.yaml
Bikxs/Skafu	design/contracts/events/skafu-events.yaml	https://github.com/Bikxs/Skafu/blob/f93f03d189e63844b529140ee728afde33ab3310/design/contracts/events/skafu-events.yaml
DEFRA/ffc-doc-statement-constructor	docs/asyncapi.yaml	https://github.com/DEFRA/ffc-doc-statement-constructor/blob/c7da3581ca98d894163331d3cd45181640ed5509/docs/asyncapi.yaml
Itshalffull/Concept-Oriented-Programming-Framework	generated/interfaces/specs/asyncapi.yaml	https://github.com/Itshalffull/Concept-Oriented-Programming-Framework/blob/152e3f95f8e2cc1660be0d9c6c9e9bd431751f69/generated/interfaces/specs/asyncapi.yaml
tanishy7777/Joined_Words	asyncapi.yaml	https://github.com/tanishy7777/Joined_Words/blob/c2a75c93b0c02b4b8e1c99abccb58252d2f764f9/asyncapi.yaml
ekidenfi/ekiden-docs	api-reference/websocket/asyncapi.yaml	https://github.com/ekidenfi/ekiden-docs/blob/5470461083a8713fbadb4d3da4cebb9f0ef39c43/api-reference/websocket/asyncapi.yaml
huynguyengl99/chanx	sandbox_fastapi/tests/test_results/asyncapi_schema.yaml	https://github.com/huynguyengl99/chanx/blob/decfb4808c1ef4997fe4c4c3104f63d60e9e347f/sandbox_fastapi/tests/test_results/asyncapi_schema.yaml
bian-official/staging	release12.0.0/semantic-apis/async/yamls/AccountReconciliationBOM.yaml	https://github.com/bian-official/staging/blob/34d46874bf0f3ba237fc21589f1bf2e1471a10bc/release12.0.0/semantic-apis/async/yamls/AccountReconciliationBOM.yaml
2025tf20/KTB-LoadTest-team-20	apps/backend/src/main/resources/static/api/docs/socketio/asyncapi.yaml	https://github.com/2025tf20/KTB-LoadTest-team-20/blob/34cd2301c4acb89d08a9aeef25d16d6dd6e19450/apps/backend/src/main/resources/static/api/docs/socketio/asyncapi.yaml
ktb3-team5/ktb-BootcampChat	apps/backend/src/main/resources/static/api/docs/socketio/asyncapi.yaml	https://github.com/ktb3-team5/ktb-BootcampChat/blob/1810c49157ed98a07145e96e6b791d9fd1d4cd1b/apps/backend/src/main/resources/static/api/docs/socketio/asyncapi.yaml
kakaoboot-19/19-load-test	apps/backend/src/main/resources/static/api/docs/socketio/asyncapi.yaml	https://github.com/kakaoboot-19/19-load-test/blob/73b845e18b055417b93337eb9b383a6a6105c114/apps/backend/src/main/resources/static/api/docs/socketio/asyncapi.yaml
Team-Nyong/KTB-Chat-Load-Testing	apps/backend/src/main/resources/static/api/docs/socketio/asyncapi.yaml	https://github.com/Team-Nyong/KTB-Chat-Load-Testing/blob/2be095a35cb07d24ee6ef75934d0a12aed6366e1/apps/backend/src/main/resources/static/api/docs/socketio/asyncapi.yaml
ktbloadtest-03/ktb-BootcampChat	apps/backend/src/main/resources/static/api/docs/socketio/asyncapi.yaml	https://github.com/ktbloadtest-03/ktb-BootcampChat/blob/4d1bf359cfd6cb34385ce489bf1bfa8de3ad207c/apps/backend/src/main/resources/static/api/docs/socketio/asyncapi.yaml
interruping/upbeat	specs/websocket.yaml	https://github.com/interruping/upbeat/blob/4bfc42df1574deebefde24aca06baf52bd45a54b/specs/websocket.yaml
EDI-Energy/api-directory-service	api/webSocketV1.yaml	https://github.com/EDI-Energy/api-directory-service/blob/74a01c6be19041e944665d860c90d3c27921d822/api/webSocketV1.yaml
huynguyengl99/chanx-fastapi-tutorial	src/tests/test_results/asyncapi_schema.yaml	https://github.com/huynguyengl99/chanx-fastapi-tutorial/blob/8ba18c349dedea7bdebd23eb382c21ca893bb005/src/tests/test_results/asyncapi_schema.yaml
VoiceBlender/voiceblender	asyncapi.yaml	https://github.com/VoiceBlender/voiceblender/blob/b406333f4900adb9a3407e4075bcc58cc4f5127b/asyncapi.yaml
openpx-trade/openpx	docs/openpx.asyncapi.yaml	https://github.com/openpx-trade/openpx/blob/2004eb07fa5d61c5262617389e30a77922d052b1/docs/openpx.asyncapi.yaml
worried-networking/uptrakit	crates/shared/wire/asyncapi.yaml	https://github.com/worried-networking/uptrakit/blob/2974ccf350495be1411f748b226d1c24cf42a93f/crates/shared/wire/asyncapi.yaml
dhanisetti/Tenderlink	specs/events/tenderlink-events.yaml	https://github.com/dhanisetti/Tenderlink/blob/62c41d83c5cac7a0c8ea65ca7b86c07b58d1888f/specs/events/tenderlink-events.yaml
HyPolDev/Bot	agents/docs/kalshi_asyncapi.yaml	https://github.com/HyPolDev/Bot/blob/765f4aa4d1e7be9a4a0fe22829e6f720478443a8/agents/docs/kalshi_asyncapi.yaml
pascal-audio/px-api	asyncapi/px-api.yaml	https://github.com/pascal-audio/px-api/blob/90ec21307fa1fae84e15aa90c011d9bcd3207e5a/asyncapi/px-api.yaml
UTXOnly/oddrip	asyncapi.yaml	https://github.com/UTXOnly/oddrip/blob/dcbfcb06e7561dd1b1dc710a883232f279c9661c/asyncapi.yaml
opencaps/mqttcomms	asyncapi.yaml	https://github.com/opencaps/mqttcomms/blob/ae0923ba193c9da86779c8eb490510ce7d99b0bc/asyncapi.yaml
xavisavvy/scrum-monsters	specs/asyncapi.yaml	https://github.com/xavisavvy/scrum-monsters/blob/69bf286c8730bbb41af33d4af0d8eed151481c0c/specs/asyncapi.yaml
yourbourse/trade-server-trading-view-js	src/schema/asyncapi.yaml	https://github.com/yourbourse/trade-server-trading-view-js/blob/82b66a3748b47e12d16669af6ae64a898d06375d/src/schema/asyncapi.yaml
ammario/kalshi-docs	asyncapi.yaml	https://github.com/ammario/kalshi-docs/blob/609be7dc37fd265f6010ae89cefd7c52eea21ed3/asyncapi.yaml
kanekoshoyu/asyncapi-rust-ws-template	test/input/v3.yaml	https://github.com/kanekoshoyu/asyncapi-rust-ws-template/blob/d6c4082bd58a58a2c2f254d4d2ec3d7d6d7530ad/test/input/v3.yaml
Netcracker/qubership-apihub-test-service	qubership-apihub-test-service/static/asyncapi.yaml	https://github.com/Netcracker/qubership-apihub-test-service/blob/200e2cc4f7e01591fe77c4a741d613963bd4880b/qubership-apihub-test-service/static/asyncapi.yaml
