repo,path,sha,version,opId,requestChannel,replyChannel,replyAddress,sameChannel,replyScopedProtocols,viaAllServers,docLevelProtocols
ambihome-gmbh/asyncapi,examples/multi_stack/priv/schema/service.yaml,f905c50d43f41b7b45b4b3e65be972607f18b1db,3.0.0,create,#/channels/create,#/channels/create_response,,False,mqtt,True,mqtt
ambihome-gmbh/asyncapi,examples/multi_stack/priv/schema/service.yaml,f905c50d43f41b7b45b4b3e65be972607f18b1db,3.0.0,pop,#/channels/pop,#/channels/pop_response,,False,mqtt,True,mqtt
lerenn/asyncapi-codegen,test/v3/issues/148/asyncapi.yaml,7fb0650f39a48f6eac1dafe5914859ca9df8a594,3.0.0,GetServiceInfo,#/channels/reception,#/channels/reply,{'location': '$message.header#/replyTo'},False,undetermined,True,
Netcracker/qubership-apihub-api-processor,test/projects/asyncapi-changes/operation/change-reply/after.yaml,7fb7eddb6d9ceeda1dc0e89731878ba27b82f336,3.0.0,operation1,#/channels/channel1,,"{'location': '$message.header#/replyTo', 'description': 'Reply to the new address'}",False,undetermined,True,
lerenn/asyncapi-codegen,test/v3/issues/181/asyncapi.yaml,9ee87f309961fa36814c299dd47a5276d3ca2a00,3.0.0,GetServiceInfo,#/channels/request,#/channels/reply,{'location': '$message.header#/replyTo'},False,undetermined,True,
G-USI/asyncapi-python,examples/amqp-rpc/spec/server.asyncapi.yaml,ada0dcb9252df5741136bc685db4d0ee609b0230,3.0.0,onPingRequest,./common.asyncapi.yaml#/channels/ping,./common.asyncapi.yaml#/channels/pong,,False,undetermined,False,
OAI/Arazzo-Specification,examples/1.1.0/pet-asyncapi.yaml,3c7d1efcc1f92e9dfd9da548d0616fe25a4e41b3,3.0.0,placeOrder,#/channels/place-order,#/channels/confirm-order,,False,kafka,True,kafka
aklivity/zilla-demos,extras-containers/todo/todo-command-service/src/main/api/todo-service-asyncapi-v3.yaml,d315ae8e83a2d9d6994dd136f5da14b51162242f,3.0.0,createTask,,,,False,undetermined,False,kafka
aklivity/zilla-demos,extras-containers/todo/todo-command-service/src/main/api/todo-service-asyncapi-v3.yaml,d315ae8e83a2d9d6994dd136f5da14b51162242f,3.0.0,updateTask,,,,False,undetermined,False,kafka
aklivity/zilla-demos,extras-containers/todo/todo-command-service/src/main/api/todo-service-asyncapi-v3.yaml,d315ae8e83a2d9d6994dd136f5da14b51162242f,3.0.0,deleteTask,,,,False,undetermined,False,kafka
Ravip2006/Demo,io/specmatic/examples/store/asyncapi/3_0_0/order_service_async_v1.yaml,49257f9dd8e3532e8d064897cb2e3a135c184557,3.0.0,onPlaceOrder,#/channels/place-order,#/channels/process-order,,False,undetermined,True,
aklivity/todo-service,src/main/api/todo-service-asyncapi-v3.yaml,3ef4a3a1fd0cdc158c3d8c62c79e659e0dd85422,3.0.0,createTask,,,,False,undetermined,False,kafka
aklivity/todo-service,src/main/api/todo-service-asyncapi-v3.yaml,3ef4a3a1fd0cdc158c3d8c62c79e659e0dd85422,3.0.0,renameTask,,,,False,undetermined,False,kafka
aklivity/todo-service,src/main/api/todo-service-asyncapi-v3.yaml,3ef4a3a1fd0cdc158c3d8c62c79e659e0dd85422,3.0.0,deleteTask,,,,False,undetermined,False,kafka
Forsakringskassan/gradle-conventions,examples/asyncapi/asyncapi.yaml,82dc4efffb49ffb99bdd579e3c513850d2aedf7d,3.0.0,onVahRtfRequest,#/channels/vah.rtf.requests,#/channels/vah.rtf.responses,"{'description': 'Resultatet skickas tillbaka till källan.', 'location': '$message.header#/replyTo'}",False,undetermined,True,
stardew-valley-dedicated-server/web,asyncapi.yaml,adc8e54348824d34aa0743bd45e9d7c0e3d1c6df,3.0.0,updateMap,#/channels/root,#/channels/root,,True,undetermined,True,
specmatic/docs.specmatic.io,docs/supported_protocols/asyncapi/includes/index/order-service-sut/spec/order-service.yaml,f2b7a4b9053d10509685fc0bd45e58793f1c3378,3.0.0,sendOrder,#/channels/placeOrder,#/channels/wipOrder,,False,kafka|sqs,False,kafka|sqs
specmatic/docs.specmatic.io,docs/supported_protocols/asyncapi/includes/index/order-service-mock/spec/order-service.yaml,0af1078b3e38a00c07420eb976294d92e2dea8e2,3.0.0,sendOrder,#/channels/placeOrder,#/channels/wipOrder,,False,kafka|sqs,False,kafka|sqs
specmatic/specmatic-kafka-avro-sample,api-specs/order-service-async-avro-v3_0_0.yaml,1c5c027250461ecd9605a107c4e1d8da24f3713f,3.0.0,placeOrder,#/channels/new-orders,#/channels/wip-orders,,False,undetermined,True,kafka
Redocly/redocly-cli,tests/e2e/split/asyncapi3-complex/asyncapi.yaml,2d38bc1a0b6539dc4bd44f50a2761379a62b0475,3.0.0,receiveUserLoggedIn,#/channels/userLoggedIn,,,False,undetermined,True,
znsio/specmatic-async-order-api-kotlin,spec/order_service_async_v1.yaml,607681049fa61d0745fd0f29e243a1230265fef2,3.0.0,createOrder,#/channels/create-order-request,#/channels/create-order-reply,,False,undetermined,True,
specmatic/studio-demo,specs/workflow/asyncapi/order.yaml,4e80c4655a923452088e9388fa1202ba27a8f848,3.0.0,PlaceOrder,#/channels/place-order,#/channels/process-order,,False,kafka,True,kafka
sillygod/scaffold,go-web/{{ cookiecutter.project_slug }}/asyncapi.yaml,456a65fd3cd4e84d0fc0a426b909fbf029bf86d1,3.0.0,pricefeedRequest,#/channels/pricefeed_request,#/channels/pricefeed,,False,wss,True,wss
sillygod/scaffold,go-web/{{ cookiecutter.project_slug }}/asyncapi.yaml,456a65fd3cd4e84d0fc0a426b909fbf029bf86d1,3.0.0,pingRequest,#/channels/ping,#/channels/pong,,False,wss,True,wss
stardew-valley-dedicated-server/asyncapi-generator-template-ts,test/fixtures/asyncapi.yaml,4973ad719aa1519335835bf43ae5be1d4df6da3e,3.0.0,updateMapData,#/channels/root,#/channels/root,,True,undetermined,True,
specmatic/enterprise-sample,specs/inventory-asyncapi.yaml,93bdbc5129a34aa76f7146ebb20b6c4d638e9e0b,3.0.0,receiveReserveCommand,#/channels/inventory.reserve.cmd,#/channels/inventory.reserve.reply,,False,kafka,True,kafka
specmatic/enterprise-sample,specs/placeorder-asyncapi.yaml,7545dea431021c5ad9ba4f1d90425c84320847f7,3.0.0,receivePlaceOrderCommand,#/channels/orders.place.cmd,#/channels/orders.place.reply,,False,kafka,True,kafka
specmatic/labs-contracts,asyncapi/kafka-avro/order-service-async-avro-v3_0_0.yaml,888b03be6588bd8a0415e4e46a9235774224c6f0,3.0.0,placeOrder,#/channels/new-orders,#/channels/wip-orders,,False,undetermined,True,kafka
specmatic/enterprise-sample,specs/payment-asyncapi.yaml,8f14394db90803ba53b93cbf510e0fbe6c310028,3.0.0,receiveAuthorizeCommand,#/channels/payment.authorize.cmd,#/channels/payment.authorize.reply,,False,kafka,True,kafka
specmatic/specmatic-arazzo-openapi-asyncapi-sample,specifications/asyncapi/order.yaml,84f986b2f494c3fc73aafa096c1f8badbb4dc847,3.0.0,createOrder,#/channels/newOrders,#/channels/wipOrders,,False,kafka,True,kafka
specmatic/specmatic-order-contracts,io/specmatic/examples/store/asyncapi/3_0_0/order_service_async_v1.yaml,7e6135c5cbf9a699ce3560ae39e6d96a72987331,3.0.0,onPlaceOrder,#/channels/place-order,#/channels/process-order,,False,undetermined,True,
eclipse-uprotocol/symphony-target-example-rust,uservice/asyncapi.yaml,97a5ec0f06b9ae96f9f3ef1525a0891b33a69e99,3.0.0,Get,#/channels/getRequests,#/channels/getResponses,,False,undetermined,True,
eclipse-uprotocol/symphony-target-example-rust,uservice/asyncapi.yaml,97a5ec0f06b9ae96f9f3ef1525a0891b33a69e99,3.0.0,Update,#/channels/updateRequests,#/channels/updateResponses,,False,undetermined,True,
eclipse-uprotocol/symphony-target-example-rust,uservice/asyncapi.yaml,97a5ec0f06b9ae96f9f3ef1525a0891b33a69e99,3.0.0,Delete,#/channels/deleteRequests,#/channels/deleteResponses,,False,undetermined,True,
evryfs/asyncapi-generator,asyncapi-generator-core/src/test/resources/parser/operations/asyncapi_parser_operations_valid.yaml,a6b1114799b86ba15154c8dc04120f9f10883a1d,3.0.0,receiveLightMeasurement,#/channels/lightingMeasured,#/channels/lightingMeasured,{'location': '$message.header#/replyTo'},True,undetermined,True,amqp
lerenn/asyncapi-codegen,test/v3/issues/130/requestreply/asyncapi.yaml,8e438beeb6de42354b6a2f4aa97a21a8682db1ca,3.0.0,ping,#/channels/ping,#/channels/pong,,False,undetermined,True,
lerenn/asyncapi-codegen,test/v3/issues/130/requestreply/asyncapi.yaml,8e438beeb6de42354b6a2f4aa97a21a8682db1ca,3.0.0,pingWithID,#/channels/pingWithID,#/channels/pongWithID,,False,undetermined,True,
the-codegen-project/cli,test/configs/asyncapi-request.yaml,911546e2f8516cac46cb651f2a533c00a3a85c35,3.0.0,pongResponse,#/channels/ping,#/channels/ping,,True,http,True,http
codemonstersteam/pinout-asyncapi,testdata/channel_validator/provider.yaml,9496c0f10a2a465e34eaafc541e0638091dd221c,3.0.0,receiveUserEvent,#/channels/notifications~1user-events,#/channels/notifications~1user-events,,True,amqp,True,amqp
zuevrs/yanote,yanote-js/test/fixtures/asyncapi/spring-rabbitmq-two-service.yaml,8baed0b2072b771dc74049d8d8659e5f39298b98,3.0.0,amqp receive users.created,#/channels/userCreated,#/channels/userCreated,{'location': '$message.header#/reply_to'},True,amqp,True,amqp
zuevrs/yanote,yanote-js/test/fixtures/asyncapi/spring-kafka-single-service-republish.yaml,868785e9ff49485f5e34b77c6adee470c2f8c604,3.0.0,receiveUserCreated,#/channels/userCreated,#/channels/userCreated,{'location': '$message.header#/reply_to'},True,kafka,True,kafka
zuevrs/yanote,yanote-js/test/fixtures/asyncapi/spring-kafka-single-service-republish.yaml,868785e9ff49485f5e34b77c6adee470c2f8c604,3.0.0,receiveUserRepublished,#/channels/userRepublished,#/channels/userRepublished,{'location': '$message.header#/reply_to'},True,kafka,True,kafka
zuevrs/yanote,yanote-js/test/fixtures/asyncapi/spring-kafka-two-service.yaml,8a71b233004eb021378be55c75063782d02901df,3.0.0,receiveUserCreated,#/channels/userCreated,#/channels/userCreated,{'location': '$message.header#/reply_to'},True,kafka,True,kafka
specmatic/labs,arazzo-workflow-testing/specs/asyncapi/order.yaml,be8dd7b6442620e07fe0fc9df629ec3f12cdb7fd,3.0.0,createOrder,#/channels/newOrders,#/channels/wipOrders,,False,kafka,True,kafka
Forsakringskassan/template-asyncapi,asyncapi.yaml,b04ae501208c6380dfdc58ccad7ba2f36d1f8784,3.0.0,onExempelRtfRequest,#/channels/exempel.rtf.requests,#/channels/exempel.rtf.responses,"{'description': 'Resultatet skickas tillbaka till källan.', 'location': '$message.header#/replyTo'}",False,undetermined,True,
specmatic/aws-lambda-kafka-with-localstack,api-specifications/order-service-async-v3_0_0.yaml,c382ae17f01e4607eff337e4ed35c8ce25738068,3.0.0,cancelOrder,#/channels/cancel-order,#/channels/process-cancellation,,False,undetermined,True,
Forsakringskassan/rimfrost-regel-rtf-manuell-asyncapi,asyncapi.yaml,b994b3aabdc7f7165634f94c2e107a49b7bcfab6,3.0.0,RtfManuellRequest,#/channels/rtf.manuell.requests,#/channels/rtf.manuell.responses,"{'description': 'Resultatet skickas tillbaka till källan.', 'location': '$message.header#/replyTo'}",False,undetermined,True,
specmatic/specmatic,application/src/test/resources/specifications/asyncapi.yaml,afe0bc0f64bce6b5e839d20b0ab4f4ac2405d7ed,3.0.0,pingRequest,#/channels/ping_v2,#/channels/pong,,False,undetermined,True,
Netcracker/qubership-integration-runtime-catalog,src/test/resources/asyncapi/v3/kafka-v3-channel-ref-messages.yaml,b76fa7b36e5dce99ebdadde7c34d0d461cb0d691,3.0.0,receiveWithReply,#/channels/inlineChannel,#/channels/replyTargetChannel,,False,undetermined,True,
lerenn/asyncapi-codegen,examples/ping/v3/asyncapi.yaml,f8368c9a002096fc8e189f3f829760f350d09b7e,3.0.0,pingRequest,#/channels/ping,#/channels/pong,,False,undetermined,True,
specmatic/aws-lambda-kafka-with-localstack,xml_to_json.yaml,f9afeca6ce6320234a6645176a7bccb5c8a33742,3.0.0,jsonConversion,#/channels/io.specmatic.json.request,#/channels/io.specmatic.json.reply,,False,undetermined,True,
specmatic/labs-contracts,asyncapi/quick-start/async.yaml,f872c56bc31b23923811b9c50f6630fc067ca4d2,3.0.0,placeOrder,#/channels/NewOrderPlaced,#/channels/OrderInitiated,,False,kafka,True,kafka
G-USI/asyncapi-python,tests/codegen/specs/rpc.yaml,f0e3d1cb3f4516677084216a7b0fa34c6b4b38d3,3.0.0,user.process,#/channels/user_requests,#/channels/user_responses,,False,undetermined,True,
microcks/microcks,webapp/src/test/resources/io/github/microcks/util/asyncapi/user-signedup-asyncapi-3.0-reply.yaml,fd93985ed0a57d38a0882d98d8ca77ef0486d1b8,3.0.0,onUserSignup,#/channels/userSignup,#/channels/userSignupReply,,False,googlepubsub,True,googlepubsub
microcks/microcks,webapp/src/test/resources/io/github/microcks/util/asyncapi/user-signedup-asyncapi-3.0-reply.yaml,fd93985ed0a57d38a0882d98d8ca77ef0486d1b8,3.0.0,onEmailVerification,#/channels/emailVerification,#/channels/emailVerificationReply,{'location': '$message.header#/replyTo'},False,googlepubsub,True,googlepubsub
lerenn/asyncapi-codegen,test/v3/issues/145/asyncapi.yaml,f4ecc33d24b3ea018d375057eeabc98971f228e1,3.0.0,pingRequest,#/channels/ping,#/channels/pong,"{'description': ""Reply is sent to topic specified in 'replyTo' property in the message header"", 'location': '$message.header#/replyTo'}",False,undetermined,True,
specmatic/specmatic-order-contracts,io/specmatic/examples/store/asyncapi/3_0_0/order_service_async_v2.yaml,b07102a39a3f9c7e42fdbd094de586a19ba807bc,3.0.0,placeOrder,#/channels/NewOrderPlaced,#/channels/NewOrderProcessed,,False,googlepubsub|kafka,True,googlepubsub|kafka
specmatic/specmatic-order-contracts,io/specmatic/examples/store/asyncapi/3_0_0/order_service_async_v2.yaml,b07102a39a3f9c7e42fdbd094de586a19ba807bc,3.0.0,cancelOrder,#/channels/OrderCancellationRequested,#/channels/OrderCancellationProcessed,,False,googlepubsub|kafka,True,googlepubsub|kafka
RobinTail/zod-sockets,example/example-documentation.yaml,ef514a4bd8fd515b893a3a0bf93e9d776c688416,3.0.0,RootRecvOperationPing,#/channels/Root,#/channels/Root,"{'location': '$message.payload#', 'description': 'Last argument: acknowledgement handler'}",True,http|ws,True,http|ws
specmatic/specmatic-order-contracts,io/specmatic/examples/store/asyncapi/3_0_0/order_service_async_v3.yaml,4ad93c629123adb779d2e039bc0ef4af14da2b5b,3.0.0,placeOrder,#/channels/NewOrderPlaced,#/channels/OrderInitiated,,False,undetermined,True,
specmatic/specmatic-order-contracts,io/specmatic/examples/store/asyncapi/3_0_0/order_service_async_v3.yaml,4ad93c629123adb779d2e039bc0ef4af14da2b5b,3.0.0,cancelOrder,#/channels/OrderCancellationRequested,#/channels/OrderCancelled,,False,undetermined,True,
Matusko/flea,libs/flea/asyncapi-generator-typescript-cdk-event-bridge/src/lib/test-fixtures/test-hotel-asyncapi.yaml,0c6d1173968c9e32c10fb2e4f38a1d783359b90d,3.0.0,receiveQueryHotelRoomList,#/channels/hotel.query,#/channels/hotel.query,,True,http,True,http
evryfs/asyncapi-generator,asyncapi-generator-core/src/test/resources/examples/asyncapi_kafka_request_reply_example.yaml,1aebb6ac7d4aa485436b833223484c5b8469a5b4,3.0.0,receiveACostingRequest,#/channels/costingRequestChannel,#/channels/costingResponseChannel,{'location': '$message.header#/REPLY_TOPIC'},False,kafka,True,kafka
gopal45656/everest-core-release,doc/everest_api_specs/auth_token_validator_API/asyncapi.yaml,31504181c197797125b2da7ef553f531d8719d4f,3.0.0,receive_request_validate_token,#/channels/receive_request_validate_token,#/channels/send_reply_validate_token,{'location': '$message.header#/replyTo'},False,mqtt,True,mqtt
holydocs/messageflow,pkg/schema/source/asyncapi/testdata/user.yaml,4206da1069b12e295ced53b06b7a36df3235c2dc,3.0.0,replyUserInfo,#/channels/user.info.request,#/channels/user.info.request,,True,undetermined,True,
holydocs/messageflow,pkg/schema/source/asyncapi/testdata/notification.yaml,29f685748b2ca3b9efff8320257775301759000a,3.0.0,replyPreferences,#/channels/notification.preferences.get,#/channels/notification.preferences.get,,True,undetermined,True,
specmatic/specmatic-order-contracts,io/specmatic/examples/store/asyncapi/3_0_0/sqs_kafka/order-service-sqs-kafka.yaml,6a9675f75fad3d8d2c5d733f646321f55ca283c1,3.0.0,sendOrder,#/channels/placeOrder,#/channels/wipOrder,,False,kafka|sqs,False,kafka|sqs
gopal45656/everest-core-release,doc/everest_api_specs/display_message_API/asyncapi.yaml,542d59441d7d018ce28722477d406ad8a99758ec,3.0.0,receive_request_set_display_message,#/channels/receive_request_set_display_message,#/channels/send_reply_set_display_message,{'location': '$message.header#/replyTo'},False,mqtt,True,mqtt
gopal45656/everest-core-release,doc/everest_api_specs/display_message_API/asyncapi.yaml,542d59441d7d018ce28722477d406ad8a99758ec,3.0.0,receive_request_get_display_message,#/channels/receive_request_get_display_message,#/channels/send_reply_get_display_message,{'location': '$message.header#/replyTo'},False,mqtt,True,mqtt
gopal45656/everest-core-release,doc/everest_api_specs/display_message_API/asyncapi.yaml,542d59441d7d018ce28722477d406ad8a99758ec,3.0.0,receive_request_clear_display_message,#/channels/receive_request_clear_display_message,#/channels/send_reply_clear_display_message,{'location': '$message.header#/replyTo'},False,mqtt,True,mqtt
simliai/docs,api-reference/asyncapi.yaml,50060a80e9e451e28cfec9a94de344cd27eb9a06,3.0.0,sendOffer,#/channels/peer_to_peer,#/channels/peer_to_peer,,True,wss,True,wss
EVerest/EVerest,docs/source/reference/EVerest_API/auth_token_validator_API.yaml,5a10b2f1a4f2ec1d6c1c0d394f05b81ea306d35f,3.0.0,receive_request_validate_token,#/channels/receive_request_validate_token,#/channels/send_reply_validate_token,{'location': '$message.header#/replyTo'},False,mqtt,True,mqtt
dduartee/sigaa-socket-api,asyncapi/asyncapi.yaml,5a9b8dc0ac816f3ad52a70aadc9b49c0fb867660,3.0.0,validateAuth,#/channels/authValid,#/channels/authValid,,True,ws,True,ws
dduartee/sigaa-socket-api,asyncapi/asyncapi.yaml,5a9b8dc0ac816f3ad52a70aadc9b49c0fb867660,3.0.0,loginUser,#/channels/userLogin,#/channels/userLogin,,True,ws,True,ws
dduartee/sigaa-socket-api,asyncapi/asyncapi.yaml,5a9b8dc0ac816f3ad52a70aadc9b49c0fb867660,3.0.0,getUserInfo,#/channels/userInfo,#/channels/userInfo,,True,ws,True,ws
dduartee/sigaa-socket-api,asyncapi/asyncapi.yaml,5a9b8dc0ac816f3ad52a70aadc9b49c0fb867660,3.0.0,getBondsList,#/channels/bondsList,#/channels/bondsList,,True,ws,True,ws
dduartee/sigaa-socket-api,asyncapi/asyncapi.yaml,5a9b8dc0ac816f3ad52a70aadc9b49c0fb867660,3.0.0,getCoursesList,#/channels/coursesList,#/channels/coursesList,,True,ws,True,ws
dduartee/sigaa-socket-api,asyncapi/asyncapi.yaml,5a9b8dc0ac816f3ad52a70aadc9b49c0fb867660,3.0.0,getGradesList,#/channels/gradesList,#/channels/gradesList,,True,ws,True,ws
dduartee/sigaa-socket-api,asyncapi/asyncapi.yaml,5a9b8dc0ac816f3ad52a70aadc9b49c0fb867660,3.0.0,getActivitiesList,#/channels/activitiesList,#/channels/activitiesList,,True,ws,True,ws
dduartee/sigaa-socket-api,asyncapi/asyncapi.yaml,5a9b8dc0ac816f3ad52a70aadc9b49c0fb867660,3.0.0,getAbsencesList,#/channels/absencesList,#/channels/absencesList,,True,ws,True,ws
dduartee/sigaa-socket-api,asyncapi/asyncapi.yaml,5a9b8dc0ac816f3ad52a70aadc9b49c0fb867660,3.0.0,getHomeworkContent,#/channels/homeworkContent,#/channels/homeworkContent,,True,ws,True,ws
dduartee/sigaa-socket-api,asyncapi/asyncapi.yaml,5a9b8dc0ac816f3ad52a70aadc9b49c0fb867660,3.0.0,getLessonsList,#/channels/lessonsList,#/channels/lessonsList,,True,ws,True,ws
dduartee/sigaa-socket-api,asyncapi/asyncapi.yaml,5a9b8dc0ac816f3ad52a70aadc9b49c0fb867660,3.0.0,getNewsList,#/channels/newsList,#/channels/newsList,,True,ws,True,ws
dduartee/sigaa-socket-api,asyncapi/asyncapi.yaml,5a9b8dc0ac816f3ad52a70aadc9b49c0fb867660,3.0.0,getSyllabusContent,#/channels/syllabusContent,#/channels/syllabusContent,,True,ws,True,ws
dduartee/sigaa-socket-api,asyncapi/asyncapi.yaml,5a9b8dc0ac816f3ad52a70aadc9b49c0fb867660,3.0.0,getInstitutionsList,#/channels/institutionsList,#/channels/institutionsList,,True,ws,True,ws
specmatic/specmatic-order-contracts,io/specmatic/examples/store/asyncapi/3_0_0/order_service_async_v4.yaml,6dca84b48fb1a79ad25b3017ed9c3a440f9a022a,3.0.0,placeOrder,#/channels/NewOrderPlaced,#/channels/OrderInitiated,,False,undetermined,True,
specmatic/specmatic-order-contracts,io/specmatic/examples/store/asyncapi/3_0_0/order_service_async_v4.yaml,6dca84b48fb1a79ad25b3017ed9c3a440f9a022a,3.0.0,cancelOrder,#/channels/OrderCancellationRequested,#/channels/OrderCancelled,,False,undetermined,True,
codemonstersteam/pinout-asyncapi,testdata/contract_validator/provider_external.yaml,5fadce60123a46e6ff9b75ddbd4e5b2a68bd6a5c,3.0.0,receiveBalanceRequest,#/channels/walletBalanceRequest,#/channels/walletBalanceResponse,,False,http,False,http
specmatic/specmatic-kafka-sample-asyncapi3,specs/async-order-service.yaml,89150a874e64f6a2e6c9124f393e62ef9c8b75ab,3.0.0,placeOrder,#/channels/NewOrderPlaced,#/channels/OrderInitiated,,False,undetermined,True,kafka
specmatic/specmatic-kafka-sample-asyncapi3,specs/async-order-service.yaml,89150a874e64f6a2e6c9124f393e62ef9c8b75ab,3.0.0,cancelOrder,#/channels/OrderCancellationRequested,#/channels/OrderCancelled,,False,undetermined,True,kafka
CodingFlow/rating-service-dotnet,RequestDecoratorGenerator/TestLibrary/asyncapi.yaml,73bc1afaa17013cf721cb4883c50f0b8adc055a1,3.0.0,getRatings,#/channels/getRatings,,{'location': '$message.payload#/originReplyTo'},False,undetermined,True,
CodingFlow/rating-service-dotnet,RequestDecoratorGenerator/TestLibrary/asyncapi.yaml,73bc1afaa17013cf721cb4883c50f0b8adc055a1,3.0.0,postRatings,#/channels/postRatings,,{'location': '$message.payload#/originReplyTo'},False,undetermined,True,
CodingFlow/rating-service-dotnet,RequestDecoratorGenerator/TestLibrary/asyncapi.yaml,73bc1afaa17013cf721cb4883c50f0b8adc055a1,3.0.0,deleteRatings,#/channels/deleteRatings,,{'location': '$message.payload#/originReplyTo'},False,undetermined,True,
CodingFlow/rating-service-dotnet,RatingService.Api/asyncapi.yaml,894839d034a30f7b9baf639a55364bf6f573d25d,3.0.0,getRatings,#/channels/getRatings,,{'location': '$message.payload#/originReplyTo'},False,undetermined,True,
CodingFlow/rating-service-dotnet,RatingService.Api/asyncapi.yaml,894839d034a30f7b9baf639a55364bf6f573d25d,3.0.0,postRatings,#/channels/postRatings,,{'location': '$message.payload#/originReplyTo'},False,undetermined,True,
CodingFlow/rating-service-dotnet,RatingService.Api/asyncapi.yaml,894839d034a30f7b9baf639a55364bf6f573d25d,3.0.0,deleteRatings,#/channels/deleteRatings,,{'location': '$message.payload#/originReplyTo'},False,undetermined,True,
specmatic/specmatic-async-sample,spec/spec.yaml,ad59cdb6d449ac69c8fa3212dceb986622c25d17,3.0.0,placeOrder,#/channels/NewOrderPlaced,#/channels/OrderInitiated,,False,kafka|sqs,False,amqp|jms|kafka|mqtt|sqs
specmatic/specmatic-async-sample,spec/spec.yaml,ad59cdb6d449ac69c8fa3212dceb986622c25d17,3.0.0,cancelOrder,#/channels/OrderCancellationRequested,#/channels/OrderCancelled,,False,kafka|sqs,False,amqp|jms|kafka|mqtt|sqs
asyncapi/website,public/resources/casestudies/adeo/asyncapi.yaml,bf4d8b43ae4bc25d7c6c04a3663d15ca8f57a2f3,3.0.0,requestCosting,#/channels/costingRequest,#/channels/costingResponse,{'location': '$message.header#/REPLY_TOPIC'},False,kafka,True,kafka
specmatic/specmatic-order-contracts,io/specmatic/examples/store/asyncapi/3_0_0/order_service_async_multi_protocol.yaml,c3d471b1c359ab54acc88b7843d69af17c171da9,3.0.0,placeOrder,#/channels/NewOrderPlaced,#/channels/OrderInitiated,,False,mqtt|sqs,False,amqp|jms|kafka|mqtt|sqs
specmatic/specmatic-order-contracts,io/specmatic/examples/store/asyncapi/3_0_0/order_service_async_multi_protocol.yaml,c3d471b1c359ab54acc88b7843d69af17c171da9,3.0.0,cancelOrder,#/channels/OrderCancellationRequested,#/channels/OrderCancelled,,False,mqtt|sqs,False,amqp|jms|kafka|mqtt|sqs
StableCoinTF/StableCoinBC_Adapter_Docs,asyncapi.yaml,c0768e375b04e924e7355bd5d041821e3c39cdea,3.0.0,receiveAccountCreate,#/channels/accountCreate,#/channels/accountCreated,,False,undetermined,True,
StableCoinTF/StableCoinBC_Adapter_Docs,asyncapi.yaml,c0768e375b04e924e7355bd5d041821e3c39cdea,3.0.0,receiveAccountDeploy,#/channels/accountDeploy,#/channels/accountDeployed,,False,undetermined,True,
StableCoinTF/StableCoinBC_Adapter_Docs,asyncapi.yaml,c0768e375b04e924e7355bd5d041821e3c39cdea,3.0.0,receiveWithdrawRequest,#/channels/withdrawRequest,#/channels/withdrawResult,,False,undetermined,True,
StableCoinTF/StableCoinBC_Adapter_Docs,asyncapi.yaml,c0768e375b04e924e7355bd5d041821e3c39cdea,3.0.0,receivePaymentRequest,#/channels/paymentRequest,#/channels/paymentResult,,False,undetermined,True,
StableCoinTF/StableCoinBC_Adapter_Docs,asyncapi.yaml,c0768e375b04e924e7355bd5d041821e3c39cdea,3.0.0,receiveConfirm,#/channels/commonConfirm,#/channels/commonConfirmed,,False,undetermined,True,
StableCoinTF/StableCoinBC_Adapter_Docs,asyncapi.yaml,c0768e375b04e924e7355bd5d041821e3c39cdea,3.0.0,receiveSettlementRequest,#/channels/settlementRequest,#/channels/settlementResult,,False,undetermined,True,
StableCoinTF/StableCoinBC_Adapter_Docs,asyncapi.yaml,c0768e375b04e924e7355bd5d041821e3c39cdea,3.0.0,receiveBalanceInquiry,#/channels/balanceInquiry,#/channels/balanceResult,,False,undetermined,True,
StableCoinTF/StableCoinBC_Adapter_Docs,asyncapi.yaml,c0768e375b04e924e7355bd5d041821e3c39cdea,3.0.0,receiveReconciliationInquiry,#/channels/reconciliationInquiry,#/channels/reconciliationResult,,False,undetermined,True,
StableCoinTF/StableCoinBC_Adapter_Docs,asyncapi.yaml,c0768e375b04e924e7355bd5d041821e3c39cdea,3.0.0,receiveSubmissionInquiry,#/channels/submissionInquiry,#/channels/submissionResult,,False,undetermined,True,
StableCoinTF/StableCoinBC_Adapter_Docs,asyncapi.yaml,c0768e375b04e924e7355bd5d041821e3c39cdea,3.0.0,receiveMonitorEntrypointTransfer,#/channels/monitorEntrypointTransfer,#/channels/monitorEntrypointTransferResult,,False,undetermined,True,
StableCoinTF/StableCoinBC_Adapter_Docs,asyncapi.yaml,c0768e375b04e924e7355bd5d041821e3c39cdea,3.0.0,receiveMonitorMetricInquiry,#/channels/monitorMetricInquiry,#/channels/monitorMetricResult,,False,undetermined,True,
StableCoinTF/StableCoinBC_Adapter_Docs,asyncapi.yaml,c0768e375b04e924e7355bd5d041821e3c39cdea,3.0.0,receiveMonitorContractInquiry,#/channels/monitorContractInquiry,#/channels/monitorContractResult,,False,undetermined,True,
StableCoinTF/StableCoinBC_Adapter_Docs,asyncapi.yaml,c0768e375b04e924e7355bd5d041821e3c39cdea,3.0.0,receiveMonitorContractHistory,#/channels/monitorContractHistory,#/channels/monitorContractHistoryResult,,False,undetermined,True,
StableCoinTF/StableCoinBC_Adapter_Docs,asyncapi.yaml,c0768e375b04e924e7355bd5d041821e3c39cdea,3.0.0,receiveMonitorInfraInquiry,#/channels/monitorInfraInquiry,#/channels/monitorInfraResult,,False,undetermined,True,
BackendFans83/Taxi,pricing-service/docs/asyncapi.yaml,df2dafd931a82c4974611e700805b1d0dd227877,3.0.0,CalculatePriceOperation,#/channels/CalculatePrice,#/channels/CalculatePrice,,True,undetermined,True,
EVerest/EVerest,docs/source/reference/EVerest_API/system_API.yaml,e69472b650bcac7447e12b3277c097fe58613f60,3.0.0,receive_request_update_firmware,#/channels/receive_request_update_firmware,#/channels/send_reply_update_firmware,{'location': '$message.header#/replyTo'},False,mqtt,True,mqtt
EVerest/EVerest,docs/source/reference/EVerest_API/system_API.yaml,e69472b650bcac7447e12b3277c097fe58613f60,3.0.0,receive_request_upload_logs,#/channels/receive_request_upload_logs,#/channels/send_reply_upload_logs,{'location': '$message.header#/replyTo'},False,mqtt,True,mqtt
EVerest/EVerest,docs/source/reference/EVerest_API/system_API.yaml,e69472b650bcac7447e12b3277c097fe58613f60,3.0.0,receive_request_is_reset_allowed,#/channels/receive_request_is_reset_allowed,#/channels/send_reply_is_reset_allowed,{'location': '$message.header#/replyTo'},False,mqtt,True,mqtt
EVerest/EVerest,docs/source/reference/EVerest_API/system_API.yaml,e69472b650bcac7447e12b3277c097fe58613f60,3.0.0,receive_request_set_system_time,#/channels/receive_request_set_system_time,#/channels/send_reply_set_system_time,{'location': '$message.header#/replyTo'},False,mqtt,True,mqtt
EVerest/EVerest,docs/source/reference/EVerest_API/system_API.yaml,e69472b650bcac7447e12b3277c097fe58613f60,3.0.0,receive_request_get_boot_reason,#/channels/receive_request_get_boot_reason,#/channels/send_reply_get_boot_reason,{'location': '$message.header#/replyTo'},False,mqtt,True,mqtt
wohnheim/stueble,packages/frontend/static/api-spec/asyncapi.yaml,ce5ebdc61c44afea51b4f8b166f2d652a6196b8f,3.0.0,receiveGuestListChanges,#/channels/primary,,,False,ws,True,ws
wohnheim/stueble,packages/frontend/static/api-spec/asyncapi.yaml,ce5ebdc61c44afea51b4f8b166f2d652a6196b8f,3.0.0,receiveHostsChanges,#/channels/primary,,,False,ws,True,ws
wohnheim/stueble,packages/frontend/static/api-spec/asyncapi.yaml,ce5ebdc61c44afea51b4f8b166f2d652a6196b8f,3.0.0,receiveTutorsChanges,#/channels/primary,,,False,ws,True,ws
EVerest/EVerest,docs/source/reference/EVerest_API/evse_board_support_API.yaml,4fab3981214302cd027ee39a99467089ca462639,3.0.0,receive_request_reset,#/channels/receive_request_reset,#/channels/send_reply_reset,{'location': '$message.header#/replyTo'},False,mqtt,True,mqtt
specmatic/labs-contracts,asyncapi/kafka-sqs-retry-dlq/order-service-sqs-kafka.yaml,54fc2cd23b208d3298d814384bf42795bb1b2e8b,3.0.0,sendOrder,#/channels/placeOrder,#/channels/wipOrder,,False,kafka|sqs,False,kafka|sqs
EVerest/EVerest,docs/source/reference/EVerest_API/powermeter_API.yaml,09b37956c13fb82b46495a5e9e5d4e9566b223fa,3.0.0,receive_request_start_transaction,#/channels/receive_request_start_transaction,#/channels/send_reply_start_transaction,{'location': '$message.header#/replyTo'},False,mqtt,True,mqtt
EVerest/EVerest,docs/source/reference/EVerest_API/powermeter_API.yaml,09b37956c13fb82b46495a5e9e5d4e9566b223fa,3.0.0,receive_request_stop_transaction,#/channels/receive_request_stop_transaction,#/channels/send_reply_stop_transaction,{'location': '$message.header#/replyTo'},False,mqtt,True,mqtt
gopal45656/everest-core-release,doc/everest_api_specs/evse_board_support_API/asyncapi.yaml,1c6b1af47e304fde064f27d3c4d80d59d8652624,3.0.0,receive_request_reset,#/channels/receive_request_reset,#/channels/send_reply_reset,{'location': '$message.header#/replyTo'},False,mqtt,True,mqtt
G-USI/asyncapi-python,examples/specs/financial-trading-system.yaml,2191479e587f92cec521dde1fde75b10d196bc69,3.0.0,analytics.process,(inline),(inline),analytics.responses.{correlation_id},True,amqp|kafka|ws,True,amqp|kafka|ws
holydocs/messageflow,pkg/schema/source/asyncapi/testdata/analytics_ver2.yaml,2a70ed867a649bc310f74d9e2d2fe9428e34c4bd,3.0.0,replyAnalyticsReport,#/channels/analytics.report.request,#/channels/analytics.report.request,,True,undetermined,True,
dduartee/sigaa-socket-api,asyncapi.yaml,76a3f291238fb63f4565a07ad3ab5260abcfe5ff,3.0.0,validateAuth,#/channels/authValid,#/channels/authValid,,True,ws,True,ws
dduartee/sigaa-socket-api,asyncapi.yaml,76a3f291238fb63f4565a07ad3ab5260abcfe5ff,3.0.0,loginUser,#/channels/userLogin,#/channels/userLogin,,True,ws,True,ws
dduartee/sigaa-socket-api,asyncapi.yaml,76a3f291238fb63f4565a07ad3ab5260abcfe5ff,3.0.0,getUserInfo,#/channels/userInfo,#/channels/userInfo,,True,ws,True,ws
dduartee/sigaa-socket-api,asyncapi.yaml,76a3f291238fb63f4565a07ad3ab5260abcfe5ff,3.0.0,getBondsList,#/channels/bondsList,#/channels/bondsList,,True,ws,True,ws
dduartee/sigaa-socket-api,asyncapi.yaml,76a3f291238fb63f4565a07ad3ab5260abcfe5ff,3.0.0,getCoursesList,#/channels/coursesList,#/channels/coursesList,,True,ws,True,ws
dduartee/sigaa-socket-api,asyncapi.yaml,76a3f291238fb63f4565a07ad3ab5260abcfe5ff,3.0.0,getGradesList,#/channels/gradesList,#/channels/gradesList,,True,ws,True,ws
dduartee/sigaa-socket-api,asyncapi.yaml,76a3f291238fb63f4565a07ad3ab5260abcfe5ff,3.0.0,getActivitiesList,#/channels/activitiesList,#/channels/activitiesList,,True,ws,True,ws
dduartee/sigaa-socket-api,asyncapi.yaml,76a3f291238fb63f4565a07ad3ab5260abcfe5ff,3.0.0,getAbsencesList,#/channels/absencesList,#/channels/absencesList,,True,ws,True,ws
dduartee/sigaa-socket-api,asyncapi.yaml,76a3f291238fb63f4565a07ad3ab5260abcfe5ff,3.0.0,getHomeworkContent,#/channels/homeworkContent,#/channels/homeworkContent,,True,ws,True,ws
dduartee/sigaa-socket-api,asyncapi.yaml,76a3f291238fb63f4565a07ad3ab5260abcfe5ff,3.0.0,getLessonsList,#/channels/lessonsList,#/channels/lessonsList,,True,ws,True,ws
dduartee/sigaa-socket-api,asyncapi.yaml,76a3f291238fb63f4565a07ad3ab5260abcfe5ff,3.0.0,getNewsList,#/channels/newsList,#/channels/newsList,,True,ws,True,ws
dduartee/sigaa-socket-api,asyncapi.yaml,76a3f291238fb63f4565a07ad3ab5260abcfe5ff,3.0.0,getSyllabusContent,#/channels/syllabusContent,#/channels/syllabusContent,,True,ws,True,ws
dduartee/sigaa-socket-api,asyncapi.yaml,76a3f291238fb63f4565a07ad3ab5260abcfe5ff,3.0.0,getInstitutionsList,#/channels/institutionsList,#/channels/institutionsList,,True,ws,True,ws
evryfs/asyncapi-generator,asyncapi-generator-core/src/test/resources/asyncapi_kafka_single_file_example.yaml,7ad18a0b845850d0f64cbb46599977916d21bbba,3.0.0,receiveLightMeasurement,#/channels/lightingMeasured,#/channels/lightingMeasured,{'location': '$message.header#/replyTo'},True,kafka,True,amqp|http|kafka
EVerest/EVerest,docs/source/reference/EVerest_API/display_message_API.yaml,601b7e2eec26b04b7eb7bbb92a55baa87a3d850e,3.0.0,receive_request_set_display_message,#/channels/receive_request_set_display_message,#/channels/send_reply_set_display_message,{'location': '$message.header#/replyTo'},False,mqtt,True,mqtt
EVerest/EVerest,docs/source/reference/EVerest_API/display_message_API.yaml,601b7e2eec26b04b7eb7bbb92a55baa87a3d850e,3.0.0,receive_request_get_display_message,#/channels/receive_request_get_display_message,#/channels/send_reply_get_display_message,{'location': '$message.header#/replyTo'},False,mqtt,True,mqtt
EVerest/EVerest,docs/source/reference/EVerest_API/display_message_API.yaml,601b7e2eec26b04b7eb7bbb92a55baa87a3d850e,3.0.0,receive_request_clear_display_message,#/channels/receive_request_clear_display_message,#/channels/send_reply_clear_display_message,{'location': '$message.header#/replyTo'},False,mqtt,True,mqtt
l3wi/docs,websockets/asyncapi.yaml,5812476077f7c607c69f3e0a461d26383a0d2f38,3.0.0,authenticate,#/channels/websocket,#/channels/websocket,,True,undetermined,True,
l3wi/docs,websockets/asyncapi.yaml,5812476077f7c607c69f3e0a461d26383a0d2f38,3.0.0,subscribeTrade,#/channels/websocket,#/channels/websocket,,True,undetermined,True,
l3wi/docs,websockets/asyncapi.yaml,5812476077f7c607c69f3e0a461d26383a0d2f38,3.0.0,subscribeBook,#/channels/websocket,#/channels/websocket,,True,undetermined,True,
l3wi/docs,websockets/asyncapi.yaml,5812476077f7c607c69f3e0a461d26383a0d2f38,3.0.0,subscribeCandle,#/channels/websocket,#/channels/websocket,,True,undetermined,True,
l3wi/docs,websockets/asyncapi.yaml,5812476077f7c607c69f3e0a461d26383a0d2f38,3.0.0,subscribePosition,#/channels/websocket,#/channels/websocket,,True,undetermined,True,
l3wi/docs,websockets/asyncapi.yaml,5812476077f7c607c69f3e0a461d26383a0d2f38,3.0.0,subscribeOrder,#/channels/websocket,#/channels/websocket,,True,undetermined,True,
l3wi/docs,websockets/asyncapi.yaml,5812476077f7c607c69f3e0a461d26383a0d2f38,3.0.0,createOrder,#/channels/websocket,#/channels/websocket,,True,undetermined,True,
l3wi/docs,websockets/asyncapi.yaml,5812476077f7c607c69f3e0a461d26383a0d2f38,3.0.0,cancelOrder,#/channels/websocket,#/channels/websocket,,True,undetermined,True,
l3wi/docs,websockets/asyncapi.yaml,5812476077f7c607c69f3e0a461d26383a0d2f38,3.0.0,unsubscribeTrade,#/channels/websocket,#/channels/websocket,,True,undetermined,True,
l3wi/docs,websockets/asyncapi.yaml,5812476077f7c607c69f3e0a461d26383a0d2f38,3.0.0,unsubscribeBook,#/channels/websocket,#/channels/websocket,,True,undetermined,True,
l3wi/docs,websockets/asyncapi.yaml,5812476077f7c607c69f3e0a461d26383a0d2f38,3.0.0,unsubscribeCandle,#/channels/websocket,#/channels/websocket,,True,undetermined,True,
l3wi/docs,websockets/asyncapi.yaml,5812476077f7c607c69f3e0a461d26383a0d2f38,3.0.0,unsubscribePosition,#/channels/websocket,#/channels/websocket,,True,undetermined,True,
l3wi/docs,websockets/asyncapi.yaml,5812476077f7c607c69f3e0a461d26383a0d2f38,3.0.0,unsubscribeOrder,#/channels/websocket,#/channels/websocket,,True,undetermined,True,
l3wi/docs,websockets/asyncapi.yaml,5812476077f7c607c69f3e0a461d26383a0d2f38,3.0.0,subscribeBalance,#/channels/websocket,#/channels/websocket,,True,undetermined,True,
l3wi/docs,websockets/asyncapi.yaml,5812476077f7c607c69f3e0a461d26383a0d2f38,3.0.0,unsubscribeBalance,#/channels/websocket,#/channels/websocket,,True,undetermined,True,
EVerest/EVerest,docs/source/reference/EVerest_API/ocpp_consumer_API.yaml,9f764defb54d15d4097dcfca9a0b3bd29f42d9f2,3.0.0,receive_request_data_transfer_incoming,#/channels/receive_request_data_transfer_incoming,#/channels/send_reply_data_transfer_incoming,{'location': '$message.header#/replyTo'},False,mqtt,True,mqtt
gopal45656/everest-core-release,doc/everest_api_specs/ocpp_consumer_API/asyncapi.yaml,89e56546dd72a54058348f2a99176cd752234508,3.0.0,receive_request_data_transfer_incoming,#/channels/receive_request_data_transfer_incoming,#/channels/send_reply_data_transfer_incoming,{'location': '$message.header#/replyTo'},False,mqtt,True,mqtt
huynguyengl99/chanx,sandbox_fastapi/tests/test_results/asyncapi_schema.yaml,97f9003b74f02567beef701bb5d4c5633afa7f71,3.0.0,handle_chat,#/channels/chat,#/channels/chat,,True,ws,True,ws
huynguyengl99/chanx,sandbox_fastapi/tests/test_results/asyncapi_schema.yaml,97f9003b74f02567beef701bb5d4c5633afa7f71,3.0.0,handle_extra_message,#/channels/chat,#/channels/chat,,True,ws,True,ws
huynguyengl99/chanx,sandbox_fastapi/tests/test_results/asyncapi_schema.yaml,97f9003b74f02567beef701bb5d4c5633afa7f71,3.0.0,handle_ping,#/channels/chat,#/channels/chat,,True,ws,True,ws
huynguyengl99/chanx,sandbox_fastapi/tests/test_results/asyncapi_schema.yaml,97f9003b74f02567beef701bb5d4c5633afa7f71,3.0.0,reliable_chat_handle_ping,#/channels/reliable_chat,#/channels/reliable_chat,,True,ws,True,ws
huynguyengl99/chanx,sandbox_fastapi/tests/test_results/asyncapi_schema.yaml,97f9003b74f02567beef701bb5d4c5633afa7f71,3.0.0,handle_reliable_chat,#/channels/reliable_chat,#/channels/reliable_chat,,True,ws,True,ws
huynguyengl99/chanx,sandbox_fastapi/tests/test_results/asyncapi_schema.yaml,97f9003b74f02567beef701bb5d4c5633afa7f71,3.0.0,handle_notification,#/channels/notifications,#/channels/notifications,,True,ws,True,ws
huynguyengl99/chanx,sandbox_fastapi/tests/test_results/asyncapi_schema.yaml,97f9003b74f02567beef701bb5d4c5633afa7f71,3.0.0,notification_handle_ping,#/channels/notifications,#/channels/notifications,,True,ws,True,ws
huynguyengl99/chanx,sandbox_fastapi/tests/test_results/asyncapi_schema.yaml,97f9003b74f02567beef701bb5d4c5633afa7f71,3.0.0,handle_analytics,#/channels/analytics,#/channels/analytics,,True,ws,True,ws
huynguyengl99/chanx,sandbox_fastapi/tests/test_results/asyncapi_schema.yaml,97f9003b74f02567beef701bb5d4c5633afa7f71,3.0.0,analytics_handle_ping,#/channels/analytics,#/channels/analytics,,True,ws,True,ws
huynguyengl99/chanx,sandbox_fastapi/tests/test_results/asyncapi_schema.yaml,97f9003b74f02567beef701bb5d4c5633afa7f71,3.0.0,system_message_handle_ping,#/channels/system,#/channels/system,,True,ws,True,ws
huynguyengl99/chanx,sandbox_fastapi/tests/test_results/asyncapi_schema.yaml,97f9003b74f02567beef701bb5d4c5633afa7f71,3.0.0,handle_system,#/channels/system,#/channels/system,,True,ws,True,ws
huynguyengl99/chanx,sandbox_fastapi/tests/test_results/asyncapi_schema.yaml,97f9003b74f02567beef701bb5d4c5633afa7f71,3.0.0,handle_job,#/channels/background_jobs,#/channels/background_jobs,,True,ws,True,ws
huynguyengl99/chanx,sandbox_fastapi/tests/test_results/asyncapi_schema.yaml,97f9003b74f02567beef701bb5d4c5633afa7f71,3.0.0,background_job_handle_ping,#/channels/background_jobs,#/channels/background_jobs,,True,ws,True,ws
huynguyengl99/chanx,sandbox_fastapi/tests/test_results/asyncapi_schema.yaml,97f9003b74f02567beef701bb5d4c5633afa7f71,3.0.0,room_chat_handle_ping,#/channels/room_chat,#/channels/room_chat,,True,ws,True,ws
huynguyengl99/chanx,sandbox_fastapi/tests/test_results/asyncapi_schema.yaml,97f9003b74f02567beef701bb5d4c5633afa7f71,3.0.0,handle_room_chat,#/channels/room_chat,#/channels/room_chat,,True,ws,True,ws
gopal45656/everest-core-release,doc/everest_api_specs/powermeter_API/asyncapi.yaml,9abe872a356d0d3f06f48cc55a456b0e7bb732c1,3.0.0,receive_request_start_transaction,#/channels/receive_request_start_transaction,#/channels/send_reply_start_transaction,{'location': '$message.header#/replyTo'},False,mqtt,True,mqtt
gopal45656/everest-core-release,doc/everest_api_specs/powermeter_API/asyncapi.yaml,9abe872a356d0d3f06f48cc55a456b0e7bb732c1,3.0.0,receive_request_stop_transaction,#/channels/receive_request_stop_transaction,#/channels/send_reply_stop_transaction,{'location': '$message.header#/replyTo'},False,mqtt,True,mqtt
metalalive/e_commerce,services/order/doc/api/asyncapi.yaml,bcd2e556ef1ce6031f84a50ea96a689da8c549c7,3.0.0,stock-level-edit,#/channels/stock_level_edit,,"{'description': 'The response destination is dynamically set according to the `replyTo` field in the request header', 'location': '$message.header#/replyTo'}",False,amqp,True,amqp
metalalive/e_commerce,services/order/doc/api/asyncapi.yaml,bcd2e556ef1ce6031f84a50ea96a689da8c549c7,3.0.0,stock-level-return,#/channels/stock_return_cancelled,,{'location': '$message.header#/replyTo'},False,amqp,True,amqp
metalalive/e_commerce,services/order/doc/api/asyncapi.yaml,bcd2e556ef1ce6031f84a50ea96a689da8c549c7,3.0.0,order-rsv-replica-inventory,#/channels/order_reserved_replica_inventory,,{'location': '$message.header#/replyTo'},False,amqp,True,amqp
metalalive/e_commerce,services/order/doc/api/asyncapi.yaml,bcd2e556ef1ce6031f84a50ea96a689da8c549c7,3.0.0,order-rsv-replica-payment,#/channels/order_reserved_replica_payment,,{'location': '$message.header#/replyTo'},False,amqp,True,amqp
metalalive/e_commerce,services/order/doc/api/asyncapi.yaml,bcd2e556ef1ce6031f84a50ea96a689da8c549c7,3.0.0,order-returned-replica-refund,#/channels/order_returned_replica_refund,,{'location': '$message.header#/replyTo'},False,amqp,True,amqp
metalalive/e_commerce,services/order/doc/api/asyncapi.yaml,bcd2e556ef1ce6031f84a50ea96a689da8c549c7,3.0.0,order-rsv-update-payment,#/channels/order_reserved_update_payment,,{'location': '$message.header#/replyTo'},False,amqp,True,amqp
huynguyengl99/chanx-fastapi-tutorial,src/tests/test_results/asyncapi_schema.yaml,d2151cd54cf0992010fa899f0356b577bd0a4fac,3.0.0,handle_ping,#/channels/system,#/channels/system,,True,ws,True,ws
huynguyengl99/chanx-fastapi-tutorial,src/tests/test_results/asyncapi_schema.yaml,d2151cd54cf0992010fa899f0356b577bd0a4fac,3.0.0,handle_system,#/channels/system,#/channels/system,,True,ws,True,ws
huynguyengl99/chanx-fastapi-tutorial,src/tests/test_results/asyncapi_schema.yaml,d2151cd54cf0992010fa899f0356b577bd0a4fac,3.0.0,room_chat_handle_ping,#/channels/room_chat,#/channels/room_chat,,True,ws,True,ws
huynguyengl99/chanx-fastapi-tutorial,src/tests/test_results/asyncapi_schema.yaml,d2151cd54cf0992010fa899f0356b577bd0a4fac,3.0.0,handle_room_chat,#/channels/room_chat,#/channels/room_chat,,True,ws,True,ws
huynguyengl99/chanx-fastapi-tutorial,src/tests/test_results/asyncapi_schema.yaml,d2151cd54cf0992010fa899f0356b577bd0a4fac,3.0.0,handle_job,#/channels/background_jobs,#/channels/background_jobs,,True,ws,True,ws
huynguyengl99/chanx-fastapi-tutorial,src/tests/test_results/asyncapi_schema.yaml,d2151cd54cf0992010fa899f0356b577bd0a4fac,3.0.0,background_job_handle_ping,#/channels/background_jobs,#/channels/background_jobs,,True,ws,True,ws
huynguyengl99/chanx-fastapi-tutorial,src/tests/test_results/asyncapi_schema.yaml,d2151cd54cf0992010fa899f0356b577bd0a4fac,3.0.0,handle_chat,#/channels/chat,#/channels/chat,,True,ws,True,ws
huynguyengl99/chanx-fastapi-tutorial,src/tests/test_results/asyncapi_schema.yaml,d2151cd54cf0992010fa899f0356b577bd0a4fac,3.0.0,chat_handle_ping,#/channels/chat,#/channels/chat,,True,ws,True,ws
huynguyengl99/chanx-fastapi-tutorial,src/tests/test_results/asyncapi_schema.yaml,d2151cd54cf0992010fa899f0356b577bd0a4fac,3.0.0,reliable_chat_handle_ping,#/channels/reliable_chat,#/channels/reliable_chat,,True,ws,True,ws
huynguyengl99/chanx-fastapi-tutorial,src/tests/test_results/asyncapi_schema.yaml,d2151cd54cf0992010fa899f0356b577bd0a4fac,3.0.0,handle_reliable_chat,#/channels/reliable_chat,#/channels/reliable_chat,,True,ws,True,ws
huynguyengl99/chanx-fastapi-tutorial,src/tests/test_results/asyncapi_schema.yaml,d2151cd54cf0992010fa899f0356b577bd0a4fac,3.0.0,handle_notification,#/channels/notifications,#/channels/notifications,,True,ws,True,ws
huynguyengl99/chanx-fastapi-tutorial,src/tests/test_results/asyncapi_schema.yaml,d2151cd54cf0992010fa899f0356b577bd0a4fac,3.0.0,notification_handle_ping,#/channels/notifications,#/channels/notifications,,True,ws,True,ws
huynguyengl99/chanx-fastapi-tutorial,src/tests/test_results/asyncapi_schema.yaml,d2151cd54cf0992010fa899f0356b577bd0a4fac,3.0.0,handle_analytics,#/channels/analytics,#/channels/analytics,,True,ws,True,ws
huynguyengl99/chanx-fastapi-tutorial,src/tests/test_results/asyncapi_schema.yaml,d2151cd54cf0992010fa899f0356b577bd0a4fac,3.0.0,analytics_handle_ping,#/channels/analytics,#/channels/analytics,,True,ws,True,ws
GreenRover/async-api-validator,tests/controllers/apis/monalesy_service_desc_3.0.yaml,aa64af593096f95a5579148030d6bbeb5fa797a3,3.0.0,serviceDescRequestGlobal,#/channels/servicedesc-request-global,#/channels/response,{'location': '$message.header#/replyTo'},False,undetermined,True,
GreenRover/async-api-validator,tests/controllers/apis/monalesy_service_desc_3.0.yaml,aa64af593096f95a5579148030d6bbeb5fa797a3,3.0.0,serviceDescRequestOne,#/channels/servicedesc-request-one,#/channels/response,{'location': '$message.header#/replyTo'},False,undetermined,True,
GreenRover/async-api-validator,tests/controllers/apis/monalesy_service_desc_3.0.yaml,aa64af593096f95a5579148030d6bbeb5fa797a3,3.0.0,serviceStateRequestGlobal,#/channels/servicedesc-request-global,#/channels/response,{'location': '$message.header#/replyTo'},False,undetermined,True,
GreenRover/async-api-validator,tests/controllers/apis/monalesy_service_desc_3.0.yaml,aa64af593096f95a5579148030d6bbeb5fa797a3,3.0.0,serviceStateRequestOne,#/channels/servicedesc-request-one,#/channels/response,{'location': '$message.header#/replyTo'},False,undetermined,True,
huynguyengl99/chanx,sandbox_django/asyncapi/tests/test_results/asyncapi_schema.yaml,c437d10b745652fdc8e1d33677338fa2b8788757,3.0.0,handlePing,#/channels/assistants,#/channels/assistants,,True,ws,True,ws
huynguyengl99/chanx,sandbox_django/asyncapi/tests/test_results/asyncapi_schema.yaml,c437d10b745652fdc8e1d33677338fa2b8788757,3.0.0,discussionListHandlePing,#/channels/discussionList,#/channels/discussionList,,True,ws,True,ws
huynguyengl99/chanx,sandbox_django/asyncapi/tests/test_results/asyncapi_schema.yaml,c437d10b745652fdc8e1d33677338fa2b8788757,3.0.0,discussionTopicHandlePing,#/channels/discussionTopic,#/channels/discussionTopic,,True,ws,True,ws
huynguyengl99/chanx,sandbox_django/asyncapi/tests/test_results/asyncapi_schema.yaml,c437d10b745652fdc8e1d33677338fa2b8788757,3.0.0,groupChatHandlePing,#/channels/groupChat,#/channels/groupChat,,True,ws,True,ws
huynguyengl99/chanx,sandbox_django/asyncapi/tests/test_results/asyncapi_schema.yaml,c437d10b745652fdc8e1d33677338fa2b8788757,3.0.0,chatDetailHandlePing,#/channels/chatDetail,#/channels/chatDetail,,True,ws,True,ws
gopal45656/everest-core-release,doc/everest_api_specs/system_API/asyncapi.yaml,fcad61bf5cd9f350a8557f9cecb56629a14907fc,3.0.0,receive_request_update_firmware,#/channels/receive_request_update_firmware,#/channels/send_reply_update_firmware,{'location': '$message.header#/replyTo'},False,mqtt,True,mqtt
gopal45656/everest-core-release,doc/everest_api_specs/system_API/asyncapi.yaml,fcad61bf5cd9f350a8557f9cecb56629a14907fc,3.0.0,receive_request_upload_logs,#/channels/receive_request_upload_logs,#/channels/send_reply_upload_logs,{'location': '$message.header#/replyTo'},False,mqtt,True,mqtt
gopal45656/everest-core-release,doc/everest_api_specs/system_API/asyncapi.yaml,fcad61bf5cd9f350a8557f9cecb56629a14907fc,3.0.0,receive_request_is_reset_allowed,#/channels/receive_request_is_reset_allowed,#/channels/send_reply_is_reset_allowed,{'location': '$message.header#/replyTo'},False,mqtt,True,mqtt
gopal45656/everest-core-release,doc/everest_api_specs/system_API/asyncapi.yaml,fcad61bf5cd9f350a8557f9cecb56629a14907fc,3.0.0,receive_request_set_system_time,#/channels/receive_request_set_system_time,#/channels/send_reply_set_system_time,{'location': '$message.header#/replyTo'},False,mqtt,True,mqtt
gopal45656/everest-core-release,doc/everest_api_specs/system_API/asyncapi.yaml,fcad61bf5cd9f350a8557f9cecb56629a14907fc,3.0.0,receive_request_get_boot_reason,#/channels/receive_request_get_boot_reason,#/channels/send_reply_get_boot_reason,{'location': '$message.header#/replyTo'},False,mqtt,True,mqtt
holydocs/messageflow,pkg/schema/source/asyncapi/testdata/analytics.yaml,d4adc40b8606295c856e8f22239e11a65f9d8ea9,3.0.0,replyAnalyticsReport,#/channels/analytics.report.request,#/channels/analytics.report.request,,True,undetermined,True,
VoiceBlender/voiceblender,asyncapi.yaml,549cc2aa9a7c5faa9534683592b61f6ebbc2f263,3.0.0,recv_list_legs,#/channels/vsi,#/channels/vsi,,True,undetermined,True,
VoiceBlender/voiceblender,asyncapi.yaml,549cc2aa9a7c5faa9534683592b61f6ebbc2f263,3.0.0,recv_get_leg,#/channels/vsi,#/channels/vsi,,True,undetermined,True,
VoiceBlender/voiceblender,asyncapi.yaml,549cc2aa9a7c5faa9534683592b61f6ebbc2f263,3.0.0,recv_create_leg,#/channels/vsi,#/channels/vsi,,True,undetermined,True,
VoiceBlender/voiceblender,asyncapi.yaml,549cc2aa9a7c5faa9534683592b61f6ebbc2f263,3.0.0,recv_answer_leg,#/channels/vsi,#/channels/vsi,,True,undetermined,True,
VoiceBlender/voiceblender,asyncapi.yaml,549cc2aa9a7c5faa9534683592b61f6ebbc2f263,3.0.0,recv_delete_leg,#/channels/vsi,#/channels/vsi,,True,undetermined,True,
VoiceBlender/voiceblender,asyncapi.yaml,549cc2aa9a7c5faa9534683592b61f6ebbc2f263,3.0.0,recv_mute_leg,#/channels/vsi,#/channels/vsi,,True,undetermined,True,
VoiceBlender/voiceblender,asyncapi.yaml,549cc2aa9a7c5faa9534683592b61f6ebbc2f263,3.0.0,recv_unmute_leg,#/channels/vsi,#/channels/vsi,,True,undetermined,True,
VoiceBlender/voiceblender,asyncapi.yaml,549cc2aa9a7c5faa9534683592b61f6ebbc2f263,3.0.0,recv_deaf_leg,#/channels/vsi,#/channels/vsi,,True,undetermined,True,
VoiceBlender/voiceblender,asyncapi.yaml,549cc2aa9a7c5faa9534683592b61f6ebbc2f263,3.0.0,recv_undeaf_leg,#/channels/vsi,#/channels/vsi,,True,undetermined,True,
VoiceBlender/voiceblender,asyncapi.yaml,549cc2aa9a7c5faa9534683592b61f6ebbc2f263,3.0.0,recv_hold_leg,#/channels/vsi,#/channels/vsi,,True,undetermined,True,
VoiceBlender/voiceblender,asyncapi.yaml,549cc2aa9a7c5faa9534683592b61f6ebbc2f263,3.0.0,recv_unhold_leg,#/channels/vsi,#/channels/vsi,,True,undetermined,True,
VoiceBlender/voiceblender,asyncapi.yaml,549cc2aa9a7c5faa9534683592b61f6ebbc2f263,3.0.0,recv_send_leg_dtmf,#/channels/vsi,#/channels/vsi,,True,undetermined,True,
VoiceBlender/voiceblender,asyncapi.yaml,549cc2aa9a7c5faa9534683592b61f6ebbc2f263,3.0.0,recv_accept_leg_dtmf,#/channels/vsi,#/channels/vsi,,True,undetermined,True,
VoiceBlender/voiceblender,asyncapi.yaml,549cc2aa9a7c5faa9534683592b61f6ebbc2f263,3.0.0,recv_reject_leg_dtmf,#/channels/vsi,#/channels/vsi,,True,undetermined,True,
VoiceBlender/voiceblender,asyncapi.yaml,549cc2aa9a7c5faa9534683592b61f6ebbc2f263,3.0.0,recv_send_leg_rtt,#/channels/vsi,#/channels/vsi,,True,undetermined,True,
VoiceBlender/voiceblender,asyncapi.yaml,549cc2aa9a7c5faa9534683592b61f6ebbc2f263,3.0.0,recv_accept_leg_rtt,#/channels/vsi,#/channels/vsi,,True,undetermined,True,
VoiceBlender/voiceblender,asyncapi.yaml,549cc2aa9a7c5faa9534683592b61f6ebbc2f263,3.0.0,recv_reject_leg_rtt,#/channels/vsi,#/channels/vsi,,True,undetermined,True,
VoiceBlender/voiceblender,asyncapi.yaml,549cc2aa9a7c5faa9534683592b61f6ebbc2f263,3.0.0,recv_webrtc_offer,#/channels/vsi,#/channels/vsi,,True,undetermined,True,
VoiceBlender/voiceblender,asyncapi.yaml,549cc2aa9a7c5faa9534683592b61f6ebbc2f263,3.0.0,recv_webrtc_add_candidate,#/channels/vsi,#/channels/vsi,,True,undetermined,True,
VoiceBlender/voiceblender,asyncapi.yaml,549cc2aa9a7c5faa9534683592b61f6ebbc2f263,3.0.0,recv_webrtc_get_candidates,#/channels/vsi,#/channels/vsi,,True,undetermined,True,
VoiceBlender/voiceblender,asyncapi.yaml,549cc2aa9a7c5faa9534683592b61f6ebbc2f263,3.0.0,recv_list_rooms,#/channels/vsi,#/channels/vsi,,True,undetermined,True,
VoiceBlender/voiceblender,asyncapi.yaml,549cc2aa9a7c5faa9534683592b61f6ebbc2f263,3.0.0,recv_get_room,#/channels/vsi,#/channels/vsi,,True,undetermined,True,
VoiceBlender/voiceblender,asyncapi.yaml,549cc2aa9a7c5faa9534683592b61f6ebbc2f263,3.0.0,recv_create_room,#/channels/vsi,#/channels/vsi,,True,undetermined,True,
VoiceBlender/voiceblender,asyncapi.yaml,549cc2aa9a7c5faa9534683592b61f6ebbc2f263,3.0.0,recv_delete_room,#/channels/vsi,#/channels/vsi,,True,undetermined,True,
VoiceBlender/voiceblender,asyncapi.yaml,549cc2aa9a7c5faa9534683592b61f6ebbc2f263,3.0.0,recv_add_leg_to_room,#/channels/vsi,#/channels/vsi,,True,undetermined,True,
VoiceBlender/voiceblender,asyncapi.yaml,549cc2aa9a7c5faa9534683592b61f6ebbc2f263,3.0.0,recv_remove_leg_from_room,#/channels/vsi,#/channels/vsi,,True,undetermined,True,
VoiceBlender/voiceblender,asyncapi.yaml,549cc2aa9a7c5faa9534683592b61f6ebbc2f263,3.0.0,recv_bridge_create,#/channels/vsi,#/channels/vsi,,True,undetermined,True,
VoiceBlender/voiceblender,asyncapi.yaml,549cc2aa9a7c5faa9534683592b61f6ebbc2f263,3.0.0,recv_bridge_list,#/channels/vsi,#/channels/vsi,,True,undetermined,True,
VoiceBlender/voiceblender,asyncapi.yaml,549cc2aa9a7c5faa9534683592b61f6ebbc2f263,3.0.0,recv_bridge_get,#/channels/vsi,#/channels/vsi,,True,undetermined,True,
VoiceBlender/voiceblender,asyncapi.yaml,549cc2aa9a7c5faa9534683592b61f6ebbc2f263,3.0.0,recv_bridge_update,#/channels/vsi,#/channels/vsi,,True,undetermined,True,
VoiceBlender/voiceblender,asyncapi.yaml,549cc2aa9a7c5faa9534683592b61f6ebbc2f263,3.0.0,recv_bridge_delete,#/channels/vsi,#/channels/vsi,,True,undetermined,True,
VoiceBlender/voiceblender,asyncapi.yaml,549cc2aa9a7c5faa9534683592b61f6ebbc2f263,3.0.0,recv_room_routing_get,#/channels/vsi,#/channels/vsi,,True,undetermined,True,
VoiceBlender/voiceblender,asyncapi.yaml,549cc2aa9a7c5faa9534683592b61f6ebbc2f263,3.0.0,recv_room_routing_set,#/channels/vsi,#/channels/vsi,,True,undetermined,True,
VoiceBlender/voiceblender,asyncapi.yaml,549cc2aa9a7c5faa9534683592b61f6ebbc2f263,3.0.0,recv_room_routing_update,#/channels/vsi,#/channels/vsi,,True,undetermined,True,
VoiceBlender/voiceblender,asyncapi.yaml,549cc2aa9a7c5faa9534683592b61f6ebbc2f263,3.0.0,recv_set_leg_role,#/channels/vsi,#/channels/vsi,,True,undetermined,True,
VoiceBlender/voiceblender,asyncapi.yaml,549cc2aa9a7c5faa9534683592b61f6ebbc2f263,3.0.0,recv_leg_ring,#/channels/vsi,#/channels/vsi,,True,undetermined,True,
VoiceBlender/voiceblender,asyncapi.yaml,549cc2aa9a7c5faa9534683592b61f6ebbc2f263,3.0.0,recv_leg_early_media,#/channels/vsi,#/channels/vsi,,True,undetermined,True,
VoiceBlender/voiceblender,asyncapi.yaml,549cc2aa9a7c5faa9534683592b61f6ebbc2f263,3.0.0,recv_leg_amd_start,#/channels/vsi,#/channels/vsi,,True,undetermined,True,
VoiceBlender/voiceblender,asyncapi.yaml,549cc2aa9a7c5faa9534683592b61f6ebbc2f263,3.0.0,recv_leg_record_start,#/channels/vsi,#/channels/vsi,,True,undetermined,True,
VoiceBlender/voiceblender,asyncapi.yaml,549cc2aa9a7c5faa9534683592b61f6ebbc2f263,3.0.0,recv_room_record_start,#/channels/vsi,#/channels/vsi,,True,undetermined,True,
VoiceBlender/voiceblender,asyncapi.yaml,549cc2aa9a7c5faa9534683592b61f6ebbc2f263,3.0.0,recv_leg_record_pause,#/channels/vsi,#/channels/vsi,,True,undetermined,True,
VoiceBlender/voiceblender,asyncapi.yaml,549cc2aa9a7c5faa9534683592b61f6ebbc2f263,3.0.0,recv_leg_record_resume,#/channels/vsi,#/channels/vsi,,True,undetermined,True,
VoiceBlender/voiceblender,asyncapi.yaml,549cc2aa9a7c5faa9534683592b61f6ebbc2f263,3.0.0,recv_leg_record_stop,#/channels/vsi,#/channels/vsi,,True,undetermined,True,
VoiceBlender/voiceblender,asyncapi.yaml,549cc2aa9a7c5faa9534683592b61f6ebbc2f263,3.0.0,recv_room_record_stop,#/channels/vsi,#/channels/vsi,,True,undetermined,True,
VoiceBlender/voiceblender,asyncapi.yaml,549cc2aa9a7c5faa9534683592b61f6ebbc2f263,3.0.0,recv_room_record_pause,#/channels/vsi,#/channels/vsi,,True,undetermined,True,
VoiceBlender/voiceblender,asyncapi.yaml,549cc2aa9a7c5faa9534683592b61f6ebbc2f263,3.0.0,recv_room_record_resume,#/channels/vsi,#/channels/vsi,,True,undetermined,True,
VoiceBlender/voiceblender,asyncapi.yaml,549cc2aa9a7c5faa9534683592b61f6ebbc2f263,3.0.0,recv_leg_play_start,#/channels/vsi,#/channels/vsi,,True,undetermined,True,
VoiceBlender/voiceblender,asyncapi.yaml,549cc2aa9a7c5faa9534683592b61f6ebbc2f263,3.0.0,recv_leg_play_stop,#/channels/vsi,#/channels/vsi,,True,undetermined,True,
VoiceBlender/voiceblender,asyncapi.yaml,549cc2aa9a7c5faa9534683592b61f6ebbc2f263,3.0.0,recv_room_play_start,#/channels/vsi,#/channels/vsi,,True,undetermined,True,
VoiceBlender/voiceblender,asyncapi.yaml,549cc2aa9a7c5faa9534683592b61f6ebbc2f263,3.0.0,recv_room_play_stop,#/channels/vsi,#/channels/vsi,,True,undetermined,True,
VoiceBlender/voiceblender,asyncapi.yaml,549cc2aa9a7c5faa9534683592b61f6ebbc2f263,3.0.0,recv_leg_play_volume,#/channels/vsi,#/channels/vsi,,True,undetermined,True,
VoiceBlender/voiceblender,asyncapi.yaml,549cc2aa9a7c5faa9534683592b61f6ebbc2f263,3.0.0,recv_room_play_volume,#/channels/vsi,#/channels/vsi,,True,undetermined,True,
VoiceBlender/voiceblender,asyncapi.yaml,549cc2aa9a7c5faa9534683592b61f6ebbc2f263,3.0.0,recv_leg_stt_start,#/channels/vsi,#/channels/vsi,,True,undetermined,True,
VoiceBlender/voiceblender,asyncapi.yaml,549cc2aa9a7c5faa9534683592b61f6ebbc2f263,3.0.0,recv_room_stt_start,#/channels/vsi,#/channels/vsi,,True,undetermined,True,
VoiceBlender/voiceblender,asyncapi.yaml,549cc2aa9a7c5faa9534683592b61f6ebbc2f263,3.0.0,recv_leg_stt_stop,#/channels/vsi,#/channels/vsi,,True,undetermined,True,
VoiceBlender/voiceblender,asyncapi.yaml,549cc2aa9a7c5faa9534683592b61f6ebbc2f263,3.0.0,recv_room_stt_stop,#/channels/vsi,#/channels/vsi,,True,undetermined,True,
VoiceBlender/voiceblender,asyncapi.yaml,549cc2aa9a7c5faa9534683592b61f6ebbc2f263,3.0.0,recv_leg_tts,#/channels/vsi,#/channels/vsi,,True,undetermined,True,
VoiceBlender/voiceblender,asyncapi.yaml,549cc2aa9a7c5faa9534683592b61f6ebbc2f263,3.0.0,recv_room_tts,#/channels/vsi,#/channels/vsi,,True,undetermined,True,
VoiceBlender/voiceblender,asyncapi.yaml,549cc2aa9a7c5faa9534683592b61f6ebbc2f263,3.0.0,recv_leg_transfer,#/channels/vsi,#/channels/vsi,,True,undetermined,True,
VoiceBlender/voiceblender,asyncapi.yaml,549cc2aa9a7c5faa9534683592b61f6ebbc2f263,3.0.0,recv_leg_agent_elevenlabs,#/channels/vsi,#/channels/vsi,,True,undetermined,True,
VoiceBlender/voiceblender,asyncapi.yaml,549cc2aa9a7c5faa9534683592b61f6ebbc2f263,3.0.0,recv_leg_agent_vapi,#/channels/vsi,#/channels/vsi,,True,undetermined,True,
VoiceBlender/voiceblender,asyncapi.yaml,549cc2aa9a7c5faa9534683592b61f6ebbc2f263,3.0.0,recv_leg_agent_pipecat,#/channels/vsi,#/channels/vsi,,True,undetermined,True,
VoiceBlender/voiceblender,asyncapi.yaml,549cc2aa9a7c5faa9534683592b61f6ebbc2f263,3.0.0,recv_leg_agent_deepgram,#/channels/vsi,#/channels/vsi,,True,undetermined,True,
VoiceBlender/voiceblender,asyncapi.yaml,549cc2aa9a7c5faa9534683592b61f6ebbc2f263,3.0.0,recv_room_agent_elevenlabs,#/channels/vsi,#/channels/vsi,,True,undetermined,True,
VoiceBlender/voiceblender,asyncapi.yaml,549cc2aa9a7c5faa9534683592b61f6ebbc2f263,3.0.0,recv_room_agent_vapi,#/channels/vsi,#/channels/vsi,,True,undetermined,True,
VoiceBlender/voiceblender,asyncapi.yaml,549cc2aa9a7c5faa9534683592b61f6ebbc2f263,3.0.0,recv_room_agent_pipecat,#/channels/vsi,#/channels/vsi,,True,undetermined,True,
VoiceBlender/voiceblender,asyncapi.yaml,549cc2aa9a7c5faa9534683592b61f6ebbc2f263,3.0.0,recv_room_agent_deepgram,#/channels/vsi,#/channels/vsi,,True,undetermined,True,
VoiceBlender/voiceblender,asyncapi.yaml,549cc2aa9a7c5faa9534683592b61f6ebbc2f263,3.0.0,recv_leg_agent_stop,#/channels/vsi,#/channels/vsi,,True,undetermined,True,
VoiceBlender/voiceblender,asyncapi.yaml,549cc2aa9a7c5faa9534683592b61f6ebbc2f263,3.0.0,recv_room_agent_stop,#/channels/vsi,#/channels/vsi,,True,undetermined,True,
VoiceBlender/voiceblender,asyncapi.yaml,549cc2aa9a7c5faa9534683592b61f6ebbc2f263,3.0.0,recv_leg_agent_message,#/channels/vsi,#/channels/vsi,,True,undetermined,True,
VoiceBlender/voiceblender,asyncapi.yaml,549cc2aa9a7c5faa9534683592b61f6ebbc2f263,3.0.0,recv_room_agent_message,#/channels/vsi,#/channels/vsi,,True,undetermined,True,
Jack-the-Pro101/vequate,spec/asyncapi/orchestrator.asyncapi.yaml,2cac597d6dd824c0a788b9ff83bc1eee81426095,3.1.0,onServerCreateRequest,#/channels/servers.create,#/channels/servers.creating,,False,redis,True,redis
Jack-the-Pro101/vequate,spec/asyncapi/lobby.asyncapi.yaml,129840a931882a6f26103af053e9907358d3a67b,3.1.0,onChallenge,#/channels/games.challenge,#/channels/games.challenge.response,,False,redis,True,redis
Integration-Project-2026-Groep-2/CRM,docs/crm-asyncapi-v1.yaml,937f094579238e11bec999a263506c262ccbd64b,3.1.0,receiveCompanyDataRequest,#/channels/facturatieCompanyRequested,#/channels/crmCompanyResponded,,False,amqp,True,amqp
Integration-Project-2026-Groep-2/CRM,docs/crm-asyncapi-v1.yaml,937f094579238e11bec999a263506c262ccbd64b,3.1.0,receivePersonLookup,#/channels/kassaPersonLookupRequested,#/channels/crmPersonLookupResponded,,False,amqp,True,amqp
Integration-Project-2026-Groep-2/CRM,docs/crm-asyncapi-v1.yaml,937f094579238e11bec999a263506c262ccbd64b,3.1.0,receiveUnpaidRequest,#/channels/kassaUnpaidRequested,#/channels/crmUnpaidResponded,,False,amqp,True,amqp
davidtgillard/fits,docs/asyncapi.yaml,1e800293b574fa4a1516d9b9207f61a9b714a2c9,3.1.0,handleGraphRpc,#/channels/fitsStdin,#/channels/fitsStdout,,False,undetermined,False,
davidtgillard/fits,docs/asyncapi.yaml,1e800293b574fa4a1516d9b9207f61a9b714a2c9,3.1.0,handleGraphRpcOnSocket,#/channels/socketInbound,#/channels/socketOutbound,,False,undetermined,False,
asyncapi/generator,packages/templates/clients/kafka/test/__fixtures__/asyncapi-adeo.yml,a5a8b88139645807922e4c2a309afbbe07ee4f29,3.0.0,requestCosting,#/channels/costingRequest,#/channels/costingResponse,{'location': '$message.header#/REPLY_TOPIC'},False,kafka,True,kafka
KrushilProlink/studio-new,src/examples/real-world/kraken-api-request-reply-filter.yml,9abb793982ffcac8f624d7c11f34ef0d4dea579f,3.0.0,receivePing,#/channels/currencyExchange,#/channels/currencyExchange,,True,undetermined,True,
KrushilProlink/studio-new,src/examples/real-world/kraken-api-request-reply-filter.yml,9abb793982ffcac8f624d7c11f34ef0d4dea579f,3.0.0,receiveSubscribeRequest,#/channels/currencyExchange,#/channels/currencyExchange,,True,undetermined,True,
KrushilProlink/studio-new,src/examples/real-world/kraken-api-request-reply-filter.yml,9abb793982ffcac8f624d7c11f34ef0d4dea579f,3.0.0,receiveUnsubscribeRequest,#/channels/currencyExchange,#/channels/currencyExchange,,True,undetermined,True,
gematik/zeta-testfachdienst,docs/async-api-docs.yml,128c547f990fd54fdd9eaf48b717ffa4776cf4e3,3.0.0,delete.{id}_receive_delete,#/channels/delete.{id},#/channels/_queue_erezept,,False,stomp,True,stomp
gematik/zeta-testfachdienst,docs/async-api-docs.yml,128c547f990fd54fdd9eaf48b717ffa4776cf4e3,3.0.0,list_receive_list,#/channels/list,#/channels/_queue_erezept,,False,stomp,True,stomp
gematik/zeta-testfachdienst,docs/async-api-docs.yml,128c547f990fd54fdd9eaf48b717ffa4776cf4e3,3.0.0,read.{id}_receive_read,#/channels/read.{id},#/channels/_queue_erezept,,False,stomp,True,stomp
YOU54F/pact-asyncapi-comparator,asyncapi/ping-pong-dynamic.yml,3107c5212af0fbfdd66fc8e7652b13d3fc95c580,3.0.0,pingRequest,#/channels/ping,#/channels/pong,"{'description': ""Reply is sent to topic specified in 'replyTo' property in the message header"", 'location': '$message.header#/replyTo'}",False,undetermined,True,
the-codegen-project/cli,test/blackbox/schemas/asyncapi/kraken-websocket-request-reply-message-filter-in-reply-asyncapi.yml,7f00a04e37a4b91f1668bf61f4567cb6bbaf1cf8,3.0.0,receivePing,#/channels/currencyExchange,#/channels/currencyExchange,,True,undetermined,True,
the-codegen-project/cli,test/blackbox/schemas/asyncapi/kraken-websocket-request-reply-message-filter-in-reply-asyncapi.yml,7f00a04e37a4b91f1668bf61f4567cb6bbaf1cf8,3.0.0,receiveSubscribeRequest,#/channels/currencyExchange,#/channels/currencyExchange,,True,undetermined,True,
the-codegen-project/cli,test/blackbox/schemas/asyncapi/kraken-websocket-request-reply-message-filter-in-reply-asyncapi.yml,7f00a04e37a4b91f1668bf61f4567cb6bbaf1cf8,3.0.0,receiveUnsubscribeRequest,#/channels/currencyExchange,#/channels/currencyExchange,,True,undetermined,True,
asyncapi/markdown-template,test/spec/asyncapi_v3.yml,ae0494379aa66a9ece1f10e93cfbb4ae5dd45c97,3.0.0,createSomeRequest,#/channels/someRequest,#/channels/someRequestReply,{'location': '$message.payload#/replyTo'},False,mqtt,True,kafka|mqtt
dghilardi/asyncapiv3,test-res/3.0.0/adeo-kafka-request-reply-asyncapi.yml,2a2c2e3ed0c8b2e7dd7f5a96dd6f16dce1c3fd37,3.0.0,receiveACostingRequest,#/channels/costingRequestChannel,#/channels/costingResponseChannel,{'location': '$message.header#/REPLY_TOPIC'},False,kafka,True,kafka
asyncapi/converter-js,test/output/openapi-to-asyncapi/components_and_security.yml,7cc9d246bf843ea1c676341b9206199402ed8c19,3.0.0,getsecure,#/channels/secure,#/channels/secure,,True,http,True,http
asyncapi/converter-js,test/output/openapi-to-asyncapi/components_and_security.yml,7cc9d246bf843ea1c676341b9206199402ed8c19,3.0.0,getoauth,#/channels/oauth,#/channels/oauth,,True,http,True,http
insspb/asyncapi3,tests/fixtures/yaml_specs/valid/single_file/kraken-websocket-request-reply-multiple-channels-asyncapi.yml,11396152c909e8119a2ccc3771d67a572ba368c2,3.0.0,receivePing,#/channels/ping,#/channels/pong,,False,undetermined,True,
insspb/asyncapi3,tests/fixtures/yaml_specs/valid/single_file/kraken-websocket-request-reply-multiple-channels-asyncapi.yml,11396152c909e8119a2ccc3771d67a572ba368c2,3.0.0,subscribe,#/channels/subscribe,#/channels/currencyInfo,,False,undetermined,True,
insspb/asyncapi3,tests/fixtures/yaml_specs/valid/single_file/kraken-websocket-request-reply-multiple-channels-asyncapi.yml,11396152c909e8119a2ccc3771d67a572ba368c2,3.0.0,unsubscribe,#/channels/unsubscribe,#/channels/currencyInfo,,False,undetermined,True,
coinpaprika/coinpaprika-docs,api-reference/streaming-api/asyncapi.yml,98a3d12e31e4313a8e50ff21e4aaca94cda0d9d9,3.0.0,ping,#/channels/~1ticks,,,False,wss,True,wss
asyncapi/converter-js,test/output/openapi-to-asyncapi/external_reference.yml,5066a2fe7fcf316681edb680ed306a80ca863eab,3.0.0,gettest,#/channels/test,#/channels/test,,True,http,True,http
asyncapi/jasyncapi,asyncapi-core/src/test/resources/examples/v3.0.0/adeo-kafka-request-reply-asyncapi.yml,623d2f563f985f864ae19742d4e92b9b127d4b03,3.0.0,receiveACostingRequest,#/channels/costingRequestChannel,#/channels/costingResponseChannel,{'location': '$message.header#/REPLY_TOPIC'},False,kafka,True,kafka
asyncapi/converter-js,test/output/openapi-to-asyncapi/callbacks_and_contents.yml,ec7814c95829c9096dedf072615c1415f796a45d,3.0.0,subscribeWebhook,#/channels/webhooks,#/channels/webhooks,,True,http,True,http
asyncapi/converter-js,test/output/openapi-to-asyncapi/callbacks_and_contents.yml,ec7814c95829c9096dedf072615c1415f796a45d,3.0.0,getUser,#/channels/users_{userId},#/channels/users_{userId},,True,http,True,http
asyncapi/converter-js,test/output/openapi-to-asyncapi/callbacks_and_contents.yml,ec7814c95829c9096dedf072615c1415f796a45d,3.0.0,getUserPosts,#/channels/users_{userId}_posts,#/channels/users_{userId}_posts,,True,http,True,http
asyncapi/converter-js,test/output/openapi-to-asyncapi/callbacks_and_contents.yml,ec7814c95829c9096dedf072615c1415f796a45d,3.0.0,uploadFile,#/channels/upload,#/channels/upload,,True,http,True,http
asyncapi/converter-js,test/output/openapi-to-asyncapi/callbacks_and_contents.yml,ec7814c95829c9096dedf072615c1415f796a45d,3.0.0,getStream,#/channels/stream,#/channels/stream,,True,http,True,http
insspb/asyncapi3,tests/fixtures/yaml_specs/valid/single_file/kraken-websocket-request-reply-message-filter-in-reply-asyncapi.yml,090a8cdbf3187f767497e13047d3c3eff4e1362a,3.0.0,receivePing,#/channels/currencyExchange,#/channels/currencyExchange,,True,undetermined,True,
insspb/asyncapi3,tests/fixtures/yaml_specs/valid/single_file/kraken-websocket-request-reply-message-filter-in-reply-asyncapi.yml,090a8cdbf3187f767497e13047d3c3eff4e1362a,3.0.0,receiveSubscribeRequest,#/channels/currencyExchange,#/channels/currencyExchange,,True,undetermined,True,
insspb/asyncapi3,tests/fixtures/yaml_specs/valid/single_file/kraken-websocket-request-reply-message-filter-in-reply-asyncapi.yml,090a8cdbf3187f767497e13047d3c3eff4e1362a,3.0.0,receiveUnsubscribeRequest,#/channels/currencyExchange,#/channels/currencyExchange,,True,undetermined,True,
codemonstersteam/mq-rest-sync-adapter,contract-tests/testdata/structure_validator/request_reply_provider_asyncapi.yml,6f6e9044f6cee71b4b9336cb88a4a428ae0dce27,3.0.0,receiveProcessEventRequest,#/channels/process_event_request,#/channels/process_event_response,,False,amqp,False,amqp
adreno255/nurtura-backend,docs/asyncapi-websocket.yml,2610fdc61574cefddfeb542a799b6e10464fa29c,3.0.0,onConnect,#/channels/root,,,False,ws|wss,True,ws|wss
adreno255/nurtura-backend,docs/asyncapi-websocket.yml,2610fdc61574cefddfeb542a799b6e10464fa29c,3.0.0,broadcastSensorData,#/channels/sensorUpdate,,,False,ws|wss,True,ws|wss
adreno255/nurtura-backend,docs/asyncapi-websocket.yml,2610fdc61574cefddfeb542a799b6e10464fa29c,3.0.0,broadcastDeviceStatus,#/channels/deviceStatusUpdate,,,False,ws|wss,True,ws|wss
adreno255/nurtura-backend,docs/asyncapi-websocket.yml,2610fdc61574cefddfeb542a799b6e10464fa29c,3.0.0,broadcastNotification,#/channels/notificationUpdate,,,False,ws|wss,True,ws|wss
adreno255/nurtura-backend,docs/asyncapi-websocket.yml,2610fdc61574cefddfeb542a799b6e10464fa29c,3.0.0,broadcastAutomationEvent,#/channels/automationEventTriggered,,,False,ws|wss,True,ws|wss
adreno255/nurtura-backend,docs/asyncapi-websocket.yml,2610fdc61574cefddfeb542a799b6e10464fa29c,3.0.0,broadcastUserNotifications,#/channels/userNotificationUpdate,,,False,ws|wss,True,ws|wss
CodeBeast357/webosapi-asyncapi,kraken-websocket-request-reply-multiple-channels-asyncapi.yml,6b09cab7f60f24a97bf79e600cd0334f94b08c16,3.0.0,receivePing,#/channels/ping,#/channels/pong,,False,undetermined,True,
CodeBeast357/webosapi-asyncapi,kraken-websocket-request-reply-multiple-channels-asyncapi.yml,6b09cab7f60f24a97bf79e600cd0334f94b08c16,3.0.0,subscribe,#/channels/subscribe,#/channels/currencyInfo,,False,undetermined,True,
CodeBeast357/webosapi-asyncapi,kraken-websocket-request-reply-multiple-channels-asyncapi.yml,6b09cab7f60f24a97bf79e600cd0334f94b08c16,3.0.0,unsubscribe,#/channels/unsubscribe,#/channels/currencyInfo,,False,undetermined,True,
acidtango/ollert-backend,asyncapi.yml,6660ba14fc2efe98c0082d0a64fa0a322f774255,3.0.0,addColumn,#/channels/boardCommands,#/channels/boardEvents,,False,ws,True,ws
asyncapi/jasyncapi,asyncapi-core/src/test/resources/examples/v3.0.0/kraken-websocket-request-reply-message-filter-in-reply-asyncapi.yml,1b51ad6e3c6838e1b8d735e5895a77cf60c3978a,3.0.0,receivePing,#/channels/currencyExchange,#/channels/currencyExchange,,True,undetermined,True,
asyncapi/jasyncapi,asyncapi-core/src/test/resources/examples/v3.0.0/kraken-websocket-request-reply-message-filter-in-reply-asyncapi.yml,1b51ad6e3c6838e1b8d735e5895a77cf60c3978a,3.0.0,receiveSubscribeRequest,#/channels/currencyExchange,#/channels/currencyExchange,,True,undetermined,True,
asyncapi/jasyncapi,asyncapi-core/src/test/resources/examples/v3.0.0/kraken-websocket-request-reply-message-filter-in-reply-asyncapi.yml,1b51ad6e3c6838e1b8d735e5895a77cf60c3978a,3.0.0,receiveUnsubscribeRequest,#/channels/currencyExchange,#/channels/currencyExchange,,True,undetermined,True,
asyncapi/converter-js,test/output/openapi-to-asyncapi/operation_and_parameter.yml,55532975f766788c4cfa39a848284cb8d981d6f9,3.0.0,listItems,#/channels/items,#/channels/items,,True,http,True,http
asyncapi/converter-js,test/output/openapi-to-asyncapi/operation_and_parameter.yml,55532975f766788c4cfa39a848284cb8d981d6f9,3.0.0,createItem,#/channels/items,#/channels/items,,True,http,True,http
asyncapi/converter-js,test/output/openapi-to-asyncapi/operation_and_parameter.yml,55532975f766788c4cfa39a848284cb8d981d6f9,3.0.0,getItem,#/channels/items_{itemId},#/channels/items_{itemId},,True,http,True,http
asyncapi/converter-js,test/output/openapi-to-asyncapi/operation_and_parameter.yml,55532975f766788c4cfa39a848284cb8d981d6f9,3.0.0,updateItem,#/channels/items_{itemId},#/channels/items_{itemId},,True,http,True,http
asyncapi/converter-js,test/output/openapi-to-asyncapi/operation_and_parameter.yml,55532975f766788c4cfa39a848284cb8d981d6f9,3.0.0,deleteItem,#/channels/items_{itemId},#/channels/items_{itemId},,True,http,True,http
asyncapi/generator,packages/templates/clients/websocket/test/__fixtures__/asyncapi-slack-client.yml,ad0c5dbf03ef9f86b6cd3a04a7c014b82ff43f34,3.0.0,onEvent,#/channels/root,#/channels/root,,True,ws|wss,True,ws|wss
WaleedAshraf/asyncapi-validator,test/schemas/v3.0.0/pingPong.yml,49f2b529a0b193bfcc28a8b8cc2362d64ff1d702,3.0.0,pingRequest,#/channels/ping,#/channels/pong,"{'description': ""Reply is sent to topic specified in 'replyTo' property in the message header"", 'location': '$message.header#/replyTo'}",False,undetermined,True,
codemonstersteam/pinout-asyncapi,cmd/testdata/cmd/producer-asyncapi-fixed.yml,2230e2bf7219f56de5bf6ed2988597451bf3df1c,3.0.0,receiveBalanceRequest,#/channels/restGetBalanceRequest,#/channels/restGetBalanceRequest,,True,http,False,http
asyncapi/jasyncapi,asyncapi-core/src/test/resources/examples/v3.0.0/kraken-websocket-request-reply-multiple-channels-asyncapi.yml,d3c1c257c7875aff2300e1f4b7e211085c295660,3.0.0,receivePing,#/channels/ping,#/channels/pong,,False,undetermined,True,
asyncapi/jasyncapi,asyncapi-core/src/test/resources/examples/v3.0.0/kraken-websocket-request-reply-multiple-channels-asyncapi.yml,d3c1c257c7875aff2300e1f4b7e211085c295660,3.0.0,subscribe,#/channels/subscribe,#/channels/currencyInfo,,False,undetermined,True,
asyncapi/jasyncapi,asyncapi-core/src/test/resources/examples/v3.0.0/kraken-websocket-request-reply-multiple-channels-asyncapi.yml,d3c1c257c7875aff2300e1f4b7e211085c295660,3.0.0,unsubscribe,#/channels/unsubscribe,#/channels/currencyInfo,,False,undetermined,True,
Lap-Platform/LAP,examples/verbose/asyncapi/adeo-kafka-request-reply-asyncapi.yml,348075e95d81bfe54906cb855109f6d877d4f1f3,3.1.0,receiveACostingRequest,#/channels/costingRequestChannel,#/channels/costingResponseChannel,{'location': '$message.header#/REPLY_TOPIC'},False,kafka,True,kafka
Lap-Platform/LAP,examples/verbose/asyncapi/kraken-websocket-request-reply-multiple-channels-asyncapi.yml,0f7691336040be8df2210c1c2cc2787683fedf82,3.1.0,receivePing,#/channels/ping,#/channels/pong,,False,undetermined,True,
Lap-Platform/LAP,examples/verbose/asyncapi/kraken-websocket-request-reply-multiple-channels-asyncapi.yml,0f7691336040be8df2210c1c2cc2787683fedf82,3.1.0,subscribe,#/channels/subscribe,#/channels/currencyInfo,,False,undetermined,True,
Lap-Platform/LAP,examples/verbose/asyncapi/kraken-websocket-request-reply-multiple-channels-asyncapi.yml,0f7691336040be8df2210c1c2cc2787683fedf82,3.1.0,unsubscribe,#/channels/unsubscribe,#/channels/currencyInfo,,False,undetermined,True,
asyncapi/spec,examples/kraken-websocket-request-reply-message-filter-in-reply-asyncapi.yml,f2950ac1cec11609b7da86dc26ce4b13dc9993e0,3.1.0,receivePing,#/channels/currencyExchange,#/channels/currencyExchange,,True,undetermined,True,
asyncapi/spec,examples/kraken-websocket-request-reply-message-filter-in-reply-asyncapi.yml,f2950ac1cec11609b7da86dc26ce4b13dc9993e0,3.1.0,receiveSubscribeRequest,#/channels/currencyExchange,#/channels/currencyExchange,,True,undetermined,True,
asyncapi/spec,examples/kraken-websocket-request-reply-message-filter-in-reply-asyncapi.yml,f2950ac1cec11609b7da86dc26ce4b13dc9993e0,3.1.0,receiveUnsubscribeRequest,#/channels/currencyExchange,#/channels/currencyExchange,,True,undetermined,True,
